Time,Anomaly (deg C),Lower confidence limit (2.5%),Upper confidence limit (97.5%)
1850-01,-2.977214,-4.722612,-1.2299197
1850-02,0.54738086,-1.9114616,3.007573
1850-03,-1.3419292,-3.7668974,1.0844105
1850-04,-1.3756925,-3.1749287,0.42539567
1850-05,-1.0534683,-2.124551,0.020729646
1850-06,0.3140626,-0.5444553,1.1764723
1850-07,0.4287216,-0.2370986,1.0995634
1850-08,0.7528651,-0.0710989,1.5809011
1850-09,-0.35488805,-1.1663085,0.46067613
1850-10,-1.2893372,-2.113364,-0.46122083
1850-11,-0.40028402,-1.4201884,0.6229345
1850-12,-0.3808546,-1.7652756,1.0060151
1851-01,0.324175,-1.2874995,1.9379033
1851-02,-0.3995951,-2.6929731,1.8952298
1851-03,-1.3733785,-3.6091375,0.8638681
1851-04,-0.63366306,-2.335958,1.0705893
1851-05,-0.20148437,-1.1426611,0.7432359
1851-06,-0.045731246,-0.8484039,0.76110256
1851-07,-0.13746363,-0.76837707,0.498747
1851-08,0.27402738,-0.5320381,1.0842547
1851-09,0.40632215,-0.33030522,1.1475115
1851-10,0.42731032,-0.37658843,1.2354004
1851-11,-0.6003852,-1.5904853,0.3931285
1851-12,-0.3900406,-1.7262136,0.94866925
1852-01,-0.29286703,-2.0168047,1.4329908
1852-02,-0.3608527,-2.779135,2.058802
1852-03,-1.2903954,-3.610992,1.0316342
1852-04,-2.0058932,-3.7254896,-0.28435898
1852-05,0.006982495,-0.91160244,0.9291978
1852-06,0.02120625,-0.7509253,0.7976627
1852-07,0.048348866,-0.5534476,0.6556965
1852-08,0.07655279,-0.70410085,0.8615031
1852-09,-0.1650092,-0.90781355,0.5823194
1852-10,-0.5208999,-1.2972695,0.25984502
1852-11,-0.87954944,-1.8343118,0.078781955
1852-12,1.092837,-0.2245458,2.4128144
1853-01,0.7894183,-0.8342753,2.4151835
1853-02,-0.824448,-3.0731862,1.4257897
1853-03,-1.5161092,-3.716727,0.6860441
1853-04,-1.0869206,-2.743512,0.571716
1853-05,-0.24816889,-1.1317185,0.6392174
1853-06,0.074695945,-0.6556121,0.80965114
1853-07,0.40715098,-0.16329521,0.9835476
1853-08,0.39514294,-0.32225636,1.1172937
1853-09,-0.4767042,-1.165618,0.21716626
1853-10,-0.082105786,-0.83866984,0.67898434
1853-11,-0.8877417,-1.8162382,0.044453636
1853-12,-1.764201,-3.0384061,-0.48729283
1854-01,-1.1639787,-2.851995,0.52601486
1854-02,-0.24861172,-2.6240175,2.1282032
1854-03,-0.10575401,-2.3973756,2.1873312
1854-04,-0.9652718,-2.64234,0.7138005
1854-05,0.31807205,-0.5591092,1.1990875
1854-06,-0.43647572,-1.2204117,0.35175687
1854-07,0.70301926,0.12581387,1.2860584
1854-08,0.48279798,-0.2876401,1.2576264
1854-09,0.09243466,-0.59166896,0.78149045
1854-10,0.6743818,-0.113417886,1.4664941
1854-11,-0.7909561,-1.8001122,0.2215776
1854-12,0.49169838,-0.74812335,1.7342991
1855-01,-0.35556093,-2.0340595,1.3249412
1855-02,-2.118176,-4.466222,0.23130499
1855-03,-1.2279059,-3.4997165,1.0453918
1855-04,0.30496514,-1.4211559,2.0330472
1855-05,0.22815707,-0.6426221,1.1028256
1855-06,-0.026570395,-0.8280667,0.7791584
1855-07,0.24228747,-0.34755838,0.83784235
1855-08,0.048834216,-0.7058863,0.80806696
1855-09,-0.4787917,-1.158789,0.20622233
1855-10,-0.03877868,-0.8415937,0.76830024
1855-11,-0.922959,-1.9195682,0.07709462
1855-12,-2.6326044,-3.956642,-1.3059672
1856-01,-0.11675745,-1.7779635,1.5464714
1856-02,-0.8344392,-3.1591623,1.4917331
1856-03,-2.066354,-4.3406124,0.20938918
1856-04,-0.3660031,-2.0926197,1.3625591
1856-05,-0.55483514,-1.4443841,0.33852
1856-06,0.5415174,-0.26364276,1.3508905
1856-07,-0.0965322,-0.67532843,0.4881224
1856-08,-0.39867437,-1.1571518,0.36425933
1856-09,-0.7807248,-1.4610642,-0.095408835
1856-10,-0.7692661,-1.5952789,0.060826328
1856-11,-1.9651458,-2.9830732,-0.94389796
1856-12,-0.30300146,-1.6432592,1.0397854
1857-01,-1.404138,-3.0717053,0.26541436
1857-02,0.034489736,-2.3007135,2.371114
1857-03,-0.8512942,-3.113221,1.4121027
1857-04,-1.75629,-3.4040062,-0.10652123
1857-05,-0.9988758,-1.8014216,-0.19211379
1857-06,-0.2677447,-1.0050752,0.47418213
1857-07,-0.21444912,-0.7329738,0.310605
1857-08,0.1808428,-0.5017545,0.8684241
1857-09,-0.4590601,-1.0713681,0.15881118
1857-10,-0.39146796,-1.1328238,0.35449946
1857-11,-1.1133506,-2.0736046,-0.14952411
1857-12,0.900121,-0.32352036,2.126574
1858-01,-0.0038117883,-1.6537379,1.6481366
1858-02,-1.9599856,-4.1562943,0.23785578
1858-03,-1.0031997,-3.1535895,1.148759
1858-04,-0.29622075,-1.9266253,1.3362569
1858-05,-0.22541983,-1.0378538,0.5911762
1858-06,0.55115956,-0.20737135,1.3141259
1858-07,0.37870023,-0.15764025,0.92130905
1858-08,-0.15226042,-0.85763115,0.5579327
1858-09,-0.026314469,-0.68304175,0.6356009
1858-10,0.36562058,-0.39154673,1.127302
1858-11,-2.2930512,-3.2502644,-1.3322552
1858-12,-0.19278023,-1.4001502,1.0174378
1859-01,0.2233054,-1.3081452,1.7569491
1859-02,0.82141864,-1.3198842,2.9642935
1859-03,0.3581006,-1.7566531,2.4744494
1859-04,-0.069743805,-1.6947849,1.5573775
1859-05,0.330972,-0.4768692,1.1429976
1859-06,0.10364797,-0.6599903,0.87172216
1859-07,0.43605444,-0.06949005,0.94828945
1859-08,0.27692613,-0.43524903,0.99387825
1859-09,-0.31226712,-0.93096125,0.31193107
1859-10,-0.3077281,-1.0543681,0.44348907
1859-11,-0.13892974,-1.1226432,0.84826994
1859-12,-1.5273807,-2.7310846,-0.3208199
1860-01,0.18305294,-1.3797897,1.7480462
1860-02,-1.3389475,-3.5285423,0.8521862
1860-03,-2.0584133,-4.2465134,0.13123028
1860-04,-0.43123984,-2.102012,1.2415574
1860-05,0.03681582,-0.75748485,0.83537835
1860-06,0.227799,-0.5611514,1.0210493
1860-07,-0.11957442,-0.6408744,0.40822256
1860-08,-0.047872104,-0.7558513,0.664915
1860-09,-0.20100668,-0.86023223,0.46339092
1860-10,-0.41728526,-1.1786741,0.3485958
1860-11,-1.589861,-2.5611196,-0.6150693
1860-12,-2.336825,-3.5361657,-1.1346362
1861-01,-2.659911,-4.1926455,-1.1249994
1861-02,0.4423412,-1.7485335,2.6347427
1861-03,0.076447666,-2.1452715,2.2996638
1861-04,-1.2199353,-2.8628674,0.42504165
1861-05,-1.0984122,-1.851162,-0.34119958
1861-06,0.18519744,-0.60304266,0.97771055
1861-07,0.2407371,-0.28470904,0.7725854
1861-08,0.33156052,-0.46472874,1.1320626
1861-09,-0.2868553,-0.9715051,0.40274233
1861-10,-0.23131719,-1.0143038,0.55600893
1861-11,-0.5826866,-1.6310285,0.46890748
1861-12,-0.18634774,-1.4715917,1.1015334
1862-01,-1.7005489,-3.3177483,-0.08126917
1862-02,-1.7721449,-4.025098,0.48230475
1862-03,-0.71782786,-3.020936,1.5867366
1862-04,-0.21162103,-1.931986,1.5106972
1862-05,-0.10165898,-0.87374145,0.67477584
1862-06,-0.52089816,-1.2986444,0.26117828
1862-07,-0.33994684,-0.8677315,0.19421105
1862-08,-0.4535572,-1.2408448,0.33802646
1862-09,-0.22291073,-0.89824563,0.45743775
1862-10,-0.37519738,-1.1551878,0.40914744
1862-11,-1.4319692,-2.4888215,-0.3718915
1862-12,-1.6231893,-2.8664005,-0.37722966
1863-01,1.9217181,0.25303528,3.5924015
1863-02,0.88691103,-1.4562054,3.2314553
1863-03,-0.015040407,-2.2369215,2.20835
1863-04,-0.15810119,-1.8858674,1.5716095
1863-05,0.1743593,-0.61223376,0.96522397
1863-06,-0.28953257,-1.0916649,0.51679796
1863-07,-0.4140255,-0.9545761,0.13274896
1863-08,0.112117514,-0.69622004,0.9246405
1863-09,0.060559925,-0.6474893,0.77339405
1863-10,-0.44186124,-1.2220309,0.34266317
1863-11,0.04089747,-0.99378496,1.0788742
1863-12,-0.39153826,-1.6470009,0.86664647
1864-01,-1.6921053,-3.333358,-0.04881988
1864-02,-0.38215905,-2.6839106,1.9210457
1864-03,-0.20680423,-2.4704826,2.0583549
1864-04,-0.77987784,-2.5295,0.9716641
1864-05,-0.8909895,-1.6869978,-0.090761594
1864-06,0.49805942,-0.3045865,1.3048995
1864-07,-0.03530795,-0.5850152,0.5205186
1864-08,-0.26477,-1.0514559,0.5262133
1864-09,-0.40714085,-1.0925956,0.28325215
1864-10,-1.6322999,-2.4138024,-0.846453
1864-11,-1.8653479,-2.8800213,-0.8473173
1864-12,-1.779294,-3.04192,-0.5139628
1865-01,0.40712073,-1.2115363,2.027868
1865-02,-1.7273979,-3.968079,0.5147967
1865-03,-1.9990329,-4.2324433,0.23590039
1865-04,-0.28419667,-1.9592681,1.3929081
1865-05,0.22625284,-0.5416496,0.9985904
1865-06,-0.33823746,-1.1165215,0.44443303
1865-07,0.3929918,-0.14465725,0.936985
1865-08,-0.26077682,-1.0262749,0.5092001
1865-09,0.46706358,-0.21559805,1.154754
1865-10,-0.4894692,-1.2642592,0.28976622
1865-11,0.12262442,-0.8803839,1.1290767
1865-12,-0.54220265,-1.801153,0.7194985
1866-01,1.1494374,-0.40368107,2.7047448
1866-02,-0.5325218,-2.6896913,1.6262277
1866-03,-1.0036956,-3.1712587,1.1654526
1866-04,-0.07310032,-1.682595,1.538521
1866-05,-1.1117731,-1.8561666,-0.3627566
1866-06,0.28102645,-0.48118606,1.0477397
1866-07,0.20091602,-0.33919615,0.74737436
1866-08,-0.48297793,-1.2167251,0.25546184
1866-09,0.16613287,-0.4899146,0.8274361
1866-10,-1.0896928,-1.8400694,-0.33470547
1866-11,-0.5510893,-1.5479103,0.44919538
1866-12,-0.31279793,-1.575833,0.95297843
1867-01,-0.77058357,-2.3236551,0.7846769
1867-02,0.9065998,-1.266836,3.0815945
1867-03,-2.511096,-4.6708407,-0.3497792
1867-04,-0.56411034,-2.2178752,1.0917125
1867-05,-1.7471942,-2.5057988,-0.98410475
1867-06,-0.37471035,-1.1355928,0.39065278
1867-07,-0.40851343,-0.94061506,0.12998994
1867-08,-0.13259234,-0.89157873,0.63090557
1867-09,-0.018938925,-0.6652568,0.6326793
1867-10,-0.19328809,-0.94165677,0.55967283
1867-11,-0.79342633,-1.7507603,0.16753326
1867-12,-1.3550943,-2.570064,-0.13727818
1868-01,-1.3233258,-2.8004556,0.15611647
1868-02,-0.7881512,-2.8601363,1.2854868
1868-03,-0.18454327,-2.236209,1.8687947
1868-04,-0.7104772,-2.2507048,0.83198076
1868-05,0.30346158,-0.41327757,1.0249906
1868-06,0.27021927,-0.46646184,1.011574
1868-07,0.75275266,0.23356596,1.2785271
1868-08,0.33799937,-0.3555467,1.0365285
1868-09,-0.36386836,-0.99332154,0.27108416
1868-10,-0.30676854,-1.0462934,0.43742952
1868-11,-1.4569442,-2.4192288,-0.491058
1868-12,-0.028423905,-1.2030057,1.1490991
1869-01,-0.13792254,-1.5623512,1.2888869
1869-02,1.5002292,-0.4616293,3.463821
1869-03,-1.401124,-3.3497043,0.549205
1869-04,-0.34767595,-1.8589911,1.1658981
1869-05,-0.38111794,-1.0766784,0.31934765
1869-06,-0.44415048,-1.1759576,0.29230836
1869-07,0.04847704,-0.46741247,0.5709577
1869-08,0.31101653,-0.397689,1.0245448
1869-09,0.033628553,-0.590128,0.6628712
1869-10,-0.9979449,-1.7155924,-0.27551436
1869-11,-0.8195347,-1.759717,0.12431236
1869-12,-0.66306657,-1.724014,0.40113616
1870-01,0.2449298,-1.0898442,1.5822293
1870-02,-1.6739963,-3.5188346,0.17267358
1870-03,-1.2911935,-3.125806,0.5452651
1870-04,-0.38919514,-1.8225418,1.046519
1870-05,0.33383763,-0.35244393,1.0250596
1870-06,0.16308287,-0.5653419,0.89617586
1870-07,0.49042594,-0.0026766348,0.99041075
1870-08,-0.42053118,-1.0833777,0.24746336
1870-09,-0.32466346,-0.9461762,0.30234912
1870-10,-0.71908814,-1.3709099,-0.062009893
1870-11,0.16585262,-0.7015614,1.0372317
1870-12,-2.3505273,-3.3104086,-1.3870538
1871-01,-1.5437852,-2.8467388,-0.23826031
1871-02,-1.7073467,-3.5907965,0.17788684
1871-03,0.33970717,-1.4510466,2.132341
1871-04,-0.1096733,-1.5516707,1.3346632
1871-05,-0.8971624,-1.612623,-0.17698954
1871-06,-0.47208506,-1.195813,0.25631168
1871-07,0.1863523,-0.32538536,0.7046851
1871-08,0.2556353,-0.41065356,0.92701465
1871-09,-0.68668413,-1.300074,-0.06775563
1871-10,-0.5736356,-1.2336948,0.09158492
1871-11,-1.5327185,-2.3952007,-0.66627276
1871-12,-1.7850308,-2.7629106,-0.80364573
1872-01,-0.21115093,-1.455427,1.0358148
1872-02,-0.64550877,-2.4232707,1.1341408
1872-03,-0.74920046,-2.4394145,0.9430031
1872-04,0.33530623,-1.0315033,1.7045808
1872-05,0.4312346,-0.29038313,1.1575208
1872-06,0.029854368,-0.6783053,0.7427813
1872-07,0.07625666,-0.41126263,0.5706912
1872-08,0.0930845,-0.52940047,0.721012
1872-09,-0.042998053,-0.62744826,0.54725707
1872-10,-0.18418781,-0.8042163,0.4413277
1872-11,-0.71023494,-1.5398047,0.12345224
1872-12,-1.0480901,-2.0029407,-0.08965267
1873-01,0.15767916,-1.0744599,1.3925316
1873-02,-0.639557,-2.3809485,1.10376
1873-03,-0.4532451,-2.0539942,1.149613
1873-04,-1.1778314,-2.497809,0.14469685
1873-05,-0.85884875,-1.5529715,-0.15985422
1873-06,0.13005762,-0.5449642,0.81009865
1873-07,0.24982916,-0.20659804,0.7136961
1873-08,0.14088023,-0.43650565,0.72417974
1873-09,-0.6008302,-1.132354,-0.06287616
1873-10,-0.57151294,-1.1622782,0.025058486
1873-11,-0.9239878,-1.7346305,-0.10911534
1873-12,0.07461699,-0.8470422,1.0000248
1874-01,0.6926695,-0.546593,1.9346553
1874-02,-0.18984337,-1.8825175,1.5048299
1874-03,-0.981286,-2.5599535,0.59952885
1874-04,-0.753283,-2.048127,0.54418474
1874-05,-0.64099115,-1.3595228,0.08226858
1874-06,-0.039597485,-0.7239602,0.6497151
1874-07,0.09409588,-0.3663854,0.56195307
1874-08,-0.20813732,-0.77845985,0.368172
1874-09,0.19146855,-0.3453269,0.73463064
1874-10,0.031035643,-0.54140514,0.60946286
1874-11,-0.7301714,-1.5437987,0.08768709
1874-12,-0.40891954,-1.3426054,0.52846366
1875-01,-1.5287619,-2.6193848,-0.4350059
1875-02,-1.9964085,-3.4404016,-0.55004275
1875-03,-1.8007386,-3.1086473,-0.49020493
1875-04,-1.2414064,-2.3320246,-0.14763507
1875-05,-0.0735479,-0.7363468,0.5944374
1875-06,0.26358527,-0.30209652,0.83534765
1875-07,-0.13191485,-0.5260499,0.27091646
1875-08,-0.16744065,-0.6309512,0.30350435
1875-09,-0.63837826,-1.0515751,-0.21684231
1875-10,-0.9421344,-1.4565951,-0.42093766
1875-11,-1.5147272,-2.2712226,-0.75362486
1875-12,-1.0359813,-1.880281,-0.18754236
1876-01,-0.20176902,-1.310106,0.9096695
1876-02,-0.1749904,-1.6047465,1.2571765
1876-03,-0.7717923,-2.0358286,0.49496797
1876-04,-0.29564822,-1.3795301,0.79142666
1876-05,-0.9328488,-1.6170195,-0.24362257
1876-06,0.35515472,-0.20931754,0.9257632
1876-07,0.28138143,-0.11434737,0.6857999
1876-08,0.20659627,-0.24564295,0.6664736
1876-09,-0.22828302,-0.6288252,0.18088219
1876-10,-0.5221473,-1.0321661,-0.0052930727
1876-11,-1.4823035,-2.2623858,-0.69772613
1876-12,-2.110756,-2.967403,-1.2500039
1877-01,-0.38879645,-1.521888,0.74733955
1877-02,-0.10687598,-1.5392233,1.3278855
1877-03,-0.95968676,-2.203074,0.28648612
1877-04,-1.0049753,-2.0941563,0.08739132
1877-05,-0.8625489,-1.548195,-0.17184204
1877-06,0.12496878,-0.45127326,0.7072401
1877-07,0.2154798,-0.19195,0.6313858
1877-08,0.33117628,-0.12253347,0.79254746
1877-09,-0.2776104,-0.67622006,0.12971725
1877-10,-0.6672733,-1.1772518,-0.15043715
1877-11,0.19332728,-0.5985609,0.9896594
1877-12,0.3532331,-0.5178994,1.228415
1878-01,-0.3909062,-1.4404774,0.66194195
1878-02,0.89971614,-0.44312653,2.2451346
1878-03,0.8784196,-0.29735628,2.0571427
1878-04,0.58675057,-0.43682003,1.6137128
1878-05,-0.3001634,-1.0138668,0.4184071
1878-06,0.43490833,-0.13209377,1.0080209
1878-07,0.1303397,-0.28580692,0.55481327
1878-08,0.2949985,-0.14468652,0.7425899
1878-09,0.3266178,-0.06307064,0.72522473
1878-10,0.25282422,-0.24531297,0.7579833
1878-11,-0.14786547,-0.9171715,0.6260157
1878-12,-1.1081797,-1.9582845,-0.25393516
1879-01,-0.5264968,-1.5995048,0.5497143
1879-02,-0.24649547,-1.6193147,1.128834
1879-03,-0.23609494,-1.4251474,0.95586115
1879-04,-0.4794115,-1.5390922,0.5835343
1879-05,-0.2992901,-0.9878479,0.39429185
1879-06,-0.35472766,-0.9180327,0.21472332
1879-07,-0.2156769,-0.61857766,0.19578736
1879-08,-0.24417351,-0.67814577,0.19777998
1879-09,-0.3463398,-0.7325686,0.04885152
1879-10,0.07376735,-0.4275474,0.5820342
1879-11,-1.1795516,-1.9401978,-0.41429573
1879-12,-1.6333985,-2.4837725,-0.77889013
1880-01,0.31581822,-0.7280695,1.3630035
1880-02,-0.34177813,-1.7000989,1.019078
1880-03,-0.6084279,-1.7620468,0.5481811
1880-04,-0.28030598,-1.3037632,0.7465453
1880-05,-0.028373122,-0.72646827,0.67469954
1880-06,-0.21386315,-0.771684,0.35018882
1880-07,-0.15971701,-0.5640505,0.2531903
1880-08,-0.07386736,-0.49278757,0.35337085
1880-09,-0.13693012,-0.50828207,0.243798
1880-10,-1.0340056,-1.5236084,-0.5372382
1880-11,-1.5356714,-2.2957551,-0.77094185
1880-12,-0.9775634,-1.8195201,-0.13140209
1881-01,-1.4573486,-2.4660375,-0.4452354
1881-02,-0.8004609,-2.1171286,0.51883733
1881-03,-0.9445704,-2.1404085,0.25417098
1881-04,-0.537991,-1.5060787,0.43368655
1881-05,-0.021300005,-0.6676844,0.63046026
1881-06,-0.4306418,-0.9378934,0.08345389
1881-07,0.048228003,-0.32801592,0.43367016
1881-08,0.094175294,-0.31471255,0.51154524
1881-09,-0.06315507,-0.42003158,0.30342546
1881-10,-0.71998435,-1.1916062,-0.24096426
1881-11,-0.74069804,-1.4333789,-0.042945515
1881-12,0.0005514969,-0.8056292,0.8110954
1882-01,1.042725,0.08766521,2.0014062
1882-02,0.40894198,-0.8007205,1.6214709
1882-03,0.2909465,-0.8305525,1.4155424
1882-04,-0.6334829,-1.5650423,0.30181
1882-05,-0.73046076,-1.3806906,-0.074882604
1882-06,-0.47974297,-0.98495966,0.03233885
1882-07,-0.3723874,-0.73969305,0.0043477686
1882-08,-0.03921336,-0.4237518,0.35433978
1882-09,-0.1906027,-0.5390072,0.16777016
1882-10,-0.5514584,-1.0166883,-0.07870194
1882-11,-1.0446267,-1.7025666,-0.38132915
1882-12,-1.1376445,-1.8847853,-0.38578355
1883-01,-1.3598058,-2.3137279,-0.40225402
1883-02,-1.070573,-2.2725716,0.13431485
1883-03,-1.4160845,-2.5161726,-0.31282726
1883-04,-0.70163906,-1.5860877,0.18675551
1883-05,-0.48008433,-1.0570823,0.10295686
1883-06,-0.021343447,-0.50748473,0.47197253
1883-07,-0.17077506,-0.5303695,0.19848163
1883-08,-0.3251829,-0.7126677,0.07130148
1883-09,-0.32119465,-0.66281253,0.03061743
1883-10,-0.41147047,-0.8596297,0.044527676
1883-11,-0.66586,-1.3068645,-0.019337816
1883-12,-0.3668647,-1.1037363,0.37481183
1884-01,-0.5518924,-1.4652956,0.36530352
1884-02,-0.4255614,-1.5604081,0.71234685
1884-03,-1.0352125,-2.112788,0.045594025
1884-04,-1.2192638,-2.090152,-0.34438214
1884-05,-0.8539458,-1.4509914,-0.25106412
1884-06,-0.72735363,-1.216415,-0.23117961
1884-07,-0.5787564,-0.9348221,-0.21296604
1884-08,-0.6727379,-1.0478538,-0.28836134
1884-09,-0.5254207,-0.85815823,-0.18225455
1884-10,-0.55570084,-0.9906052,-0.11275067
1884-11,-1.3723881,-2.025386,-0.7139903
1884-12,-0.70458084,-1.46467,0.06016371
1885-01,-1.5965751,-2.5338001,-0.6556616
1885-02,-0.8440988,-2.0099304,0.3246991
1885-03,-0.948593,-2.0447872,0.1507766
1885-04,-0.741782,-1.6173711,0.13778746
1885-05,-1.0195633,-1.6074183,-0.42578378
1885-06,-0.57870024,-1.0507839,-0.09926003
1885-07,-0.16647694,-0.5300724,0.20663872
1885-08,-0.675277,-1.052076,-0.28926212
1885-09,-0.5674073,-0.90156615,-0.22287111
1885-10,-0.8828566,-1.3176296,-0.44004154
1885-11,-0.7986714,-1.42147,-0.17019556
1885-12,-0.08296605,-0.8110967,0.6500376
1886-01,-1.2763356,-2.175331,-0.37346998
1886-02,-1.4538398,-2.58324,-0.3213517
1886-03,-1.2261988,-2.313027,-0.13615543
1886-04,-0.3717249,-1.2184914,0.47917268
1886-05,-0.27759334,-0.8524144,0.30330852
1886-06,-0.465562,-0.92857385,0.0049949093
1886-07,-0.13938409,-0.50051767,0.23138067
1886-08,-0.22229743,-0.5893101,0.15423267
1886-09,-0.19134161,-0.5211697,0.14906861
1886-10,-0.33376643,-0.7746962,0.11515087
1886-11,-0.66008997,-1.3004959,-0.014146694
1886-12,-0.2570794,-0.9890479,0.47974116
1887-01,-1.1366274,-2.0518086,-0.21764635
1887-02,-0.8626412,-2.0175269,0.2952633
1887-03,-0.6694973,-1.7806921,0.44484118
1887-04,-0.7003634,-1.5703453,0.17363632
1887-05,-0.06611607,-0.6702609,0.5438143
1887-06,-0.3962965,-0.877395,0.092065595
1887-07,-0.11728614,-0.4929818,0.26768312
1887-08,-0.5665155,-0.9424827,-0.18126181
1887-09,-0.06513689,-0.39753243,0.27774858
1887-10,-0.9915635,-1.4315572,-0.54357404
1887-11,-0.5376616,-1.1634957,0.093829766
1887-12,-0.6862996,-1.4126945,0.044987455
1888-01,-1.4247786,-2.3386302,-0.50713557
1888-02,-1.2076998,-2.351645,-0.060718063
1888-03,-1.5746937,-2.6896534,-0.45661086
1888-04,-0.24789234,-1.1131581,0.6214085
1888-05,-0.57031596,-1.1785498,0.04365568
1888-06,-0.4135456,-0.86957586,0.05011996
1888-07,-0.34695086,-0.7150833,0.030617353
1888-08,-0.42931175,-0.7972794,-0.051887225
1888-09,-0.29943576,-0.63254595,0.044114627
1888-10,-0.42699397,-0.85451895,0.008734313
1888-11,-0.73749316,-1.3455502,-0.12363057
1888-12,-0.59675413,-1.3107717,0.12223064
1889-01,-0.7280532,-1.6753892,0.22294556
1889-02,-0.6849532,-1.8604805,0.4935337
1889-03,-0.4984051,-1.6548699,0.6610741
1889-04,0.08274043,-0.80131483,0.9707431
1889-05,0.22787349,-0.37436146,0.835911
1889-06,0.052350026,-0.41642147,0.5285562
1889-07,-0.14893065,-0.49864948,0.21071444
1889-08,-0.15554138,-0.5142252,0.21284595
1889-09,-0.4701844,-0.808164,-0.12190389
1889-10,-0.40356743,-0.84255403,0.04342965
1889-11,-0.94125015,-1.5406489,-0.33595017
1889-12,0.0001282344,-0.69414127,0.69951975
1890-01,-0.11882939,-1.020784,0.786979
1890-02,-0.27926686,-1.3776352,0.8222738
1890-03,-0.5341238,-1.6244627,0.5594172
1890-04,-0.085677765,-0.9416749,0.7744039
1890-05,-0.38964456,-0.9780424,0.20469181
1890-06,-0.2444207,-0.7069174,0.22560945
1890-07,-0.11304376,-0.45747975,0.24147938
1890-08,-0.13615923,-0.48949534,0.22703777
1890-09,-0.13563979,-0.4613109,0.20072909
1890-10,-0.42800373,-0.8447838,-0.002812076
1890-11,-0.8245698,-1.4184322,-0.2247607
1890-12,-0.7129424,-1.4113133,-0.0094976425
1891-01,-0.9433341,-1.8199534,-0.062759526
1891-02,-0.9524532,-2.0588508,0.15709253
1891-03,-0.7795229,-1.8475838,0.29180548
1891-04,-0.70206225,-1.5113726,0.111564584
1891-05,-0.4659363,-1.0409125,0.11510276
1891-06,-0.3852986,-0.8298104,0.06706058
1891-07,-0.24935144,-0.5939998,0.10538035
1891-08,-0.28239024,-0.63882476,0.08381227
1891-09,0.06885693,-0.25574902,0.40420297
1891-10,-0.43545866,-0.8404789,-0.021766314
1891-11,-1.2208289,-1.800868,-0.63468575
1891-12,0.49668768,-0.185154,1.1837422
1892-01,-0.80758333,-1.6666446,0.05553438
1892-02,-0.055692237,-1.139895,1.0317357
1892-03,-1.2896504,-2.3326187,-0.24332298
1892-04,-0.76128566,-1.5702355,0.051997676
1892-05,-0.564729,-1.1421851,0.018786708
1892-06,-0.1401326,-0.5765478,0.30428493
1892-07,-0.29297292,-0.63748074,0.061656542
1892-08,-0.24162261,-0.5860943,0.11299236
1892-09,0.06296226,-0.25520393,0.39210647
1892-10,-0.29401138,-0.7057044,0.12623073
1892-11,-1.0538385,-1.6362062,-0.46538353
1892-12,-1.6093385,-2.2955792,-0.9179131
1893-01,-2.70781,-3.5351272,-1.8762907
1893-02,-1.8894039,-2.9434998,-0.83199996
1893-03,-0.7055822,-1.7578696,0.35003173
1893-04,-0.615566,-1.4148856,0.18813863
1893-05,-0.78216815,-1.3648058,-0.19351517
1893-06,-0.19957232,-0.64408785,0.25281775
1893-07,-0.063343145,-0.40086943,0.28450423
1893-08,-0.16890118,-0.50908446,0.1815613
1893-09,-0.19712318,-0.51603097,0.13274723
1893-10,-0.103967756,-0.49586535,0.29691643
1893-11,-0.5414281,-1.0995903,0.02309643
1893-12,-0.31206822,-0.9744299,0.3556666
1894-01,-0.70743406,-1.5240349,0.113427915
1894-02,-0.22771122,-1.258175,0.80613923
1894-03,-0.0124228615,-1.0560029,1.0345043
1894-04,-0.205974,-0.9626772,0.55535346
1894-05,-0.1911109,-0.7609066,0.38483298
1894-06,-0.32778928,-0.7453205,0.09811449
1894-07,-0.06400705,-0.39792654,0.28033346
1894-08,-0.10964206,-0.44978774,0.24077255
1894-09,-0.43573463,-0.7554238,-0.1051123
1894-10,-0.35324526,-0.74494797,0.04744844
1894-11,-0.5962202,-1.1431667,-0.0427857
1894-12,-0.404197,-1.0433937,0.24057066
1895-01,-1.2741668,-2.0655053,-0.47842598
1895-02,-1.8338877,-2.835279,-0.8290057
1895-03,-0.8193245,-1.83189,0.19669944
1895-04,-0.24811992,-1.0005875,0.50900054
1895-05,-0.24208818,-0.8101335,0.33211946
1895-06,-0.30560595,-0.7240824,0.12121295
1895-07,-0.325251,-0.6574345,0.0174018
1895-08,-0.28906143,-0.62623763,0.058452137
1895-09,0.10550336,-0.20977499,0.43182054
1895-10,-0.38023224,-0.7599832,0.008763813
1895-11,-0.3824673,-0.9260341,0.1676102
1895-12,-0.36331305,-1.0049117,0.28382295
1896-01,-0.3638751,-1.1659682,0.44255146
1896-02,-0.31171402,-1.321518,0.70154464
1896-03,-1.0355715,-2.0358303,-0.03181888
1896-04,-0.84603816,-1.5890858,-0.09828339
1896-05,-0.106222056,-0.6772448,0.4709263
1896-06,0.16216758,-0.25656235,0.5892307
1896-07,-0.0020706698,-0.3383088,0.34451267
1896-08,-0.1516523,-0.48983297,0.19683155
1896-09,-0.14681278,-0.45815045,0.17571206
1896-10,-0.008608331,-0.3894564,0.38145474
1896-11,-1.2183111,-1.7637796,-0.66635245
1896-12,-0.2786245,-0.92521274,0.37345853
1897-01,-0.6328734,-1.4128561,0.15157366
1897-02,-0.40481547,-1.3825103,0.5764524
1897-03,-1.0060846,-1.9734863,-0.03506575
1897-04,-0.18797742,-0.9295383,0.55830026
1897-05,0.23534851,-0.317072,0.79409915
1897-06,-0.08603135,-0.49676424,0.33319497
1897-07,0.13154913,-0.19522479,0.46895996
1897-08,0.09385915,-0.23710407,0.43535113
1897-09,0.29376286,-0.0137743,0.6126269
1897-10,-0.104539685,-0.47466722,0.2750657
1897-11,-0.73390883,-1.2577022,-0.20336199
1897-12,-0.862856,-1.4760367,-0.24388215
1898-01,0.4941972,-0.27534676,1.2682711
1898-02,-0.50423634,-1.4515184,0.44673672
1898-03,-1.7491468,-2.689883,-0.8046865
1898-04,-0.68469256,-1.391885,0.027455866
1898-05,-0.33792782,-0.8859424,0.2164823
1898-06,-0.17173368,-0.5718799,0.23714697
1898-07,-0.14925255,-0.4745901,0.18678898
1898-08,0.0851981,-0.24169403,0.42277023
1898-09,-0.009985535,-0.30976194,0.30142432
1898-10,-0.53751045,-0.8980292,-0.16724256
1898-11,-0.41251418,-0.9197586,0.10171662
1898-12,-0.051546153,-0.6292271,0.53229356
1899-01,0.22396503,-0.5140825,0.9667352
1899-02,-0.94825965,-1.8442078,-0.048409753
1899-03,-1.1328707,-2.0513432,-0.21057703
1899-04,-0.28767827,-0.97101235,0.40079403
1899-05,-0.33921343,-0.87516046,0.20328587
1899-06,-0.45473075,-0.8496946,-0.050899386
1899-07,-0.075623885,-0.3969498,0.25655863
1899-08,-0.09689129,-0.41730213,0.23444247
1899-09,0.112022474,-0.18981704,0.4254583
1899-10,0.08694779,-0.29253376,0.4757406
1899-11,0.6511355,0.119663425,1.1893088
1899-12,-0.9968309,-1.59161,-0.3960517
1900-01,-0.6562347,-1.4099694,0.10210823
1900-02,-0.7707866,-1.6849419,0.14717305
1900-03,-0.5292726,-1.4660282,0.41119233
1900-04,-0.46429765,-1.1458206,0.22231774
1900-05,-0.13134748,-0.63779825,0.38193765
1900-06,-0.04467776,-0.42267457,0.34243354
1900-07,-0.18338116,-0.49464247,0.13888948
1900-08,0.046220716,-0.275211,0.37831354
1900-09,-0.10692882,-0.4106786,0.20810165
1900-10,0.53038466,0.170885,0.8994678
1900-11,-0.3483349,-0.85563827,0.16579637
1900-12,0.37002042,-0.20415473,0.95024747
1901-01,-0.1378303,-0.8698951,0.5988963
1901-02,-0.68990874,-1.5769392,0.20097521
1901-03,0.067526646,-0.8555531,0.9943117
1901-04,0.18412857,-0.48946586,0.8627963
1901-05,-0.11355423,-0.62306553,0.4026465
1901-06,0.21044447,-0.16712032,0.596984
1901-07,0.31747067,0.010119058,0.63578445
1901-08,0.15000665,-0.1673241,0.47797033
1901-09,-0.20960365,-0.50894487,0.100992315
1901-10,-0.123076215,-0.48116195,0.24447218
1901-11,-0.5385189,-1.035936,-0.03427526
1901-12,-0.6122818,-1.1752552,-0.043217506
1902-01,0.35996526,-0.34373486,1.0684397
1902-02,0.017355055,-0.840528,0.8791601
1902-03,-0.32822987,-1.2061834,0.5535589
1902-04,-0.7034441,-1.3469285,-0.054735858
1902-05,-0.60797775,-1.0995681,-0.10956517
1902-06,-0.4217154,-0.78230083,-0.051877018
1902-07,-0.47142154,-0.76670647,-0.16493574
1902-08,-0.2286861,-0.52731746,0.08106179
1902-09,-0.42799863,-0.71199805,-0.13232602
1902-10,-0.56160355,-0.9093466,-0.20425932
1902-11,-0.8953535,-1.3641312,-0.4194391
1902-12,-1.1196659,-1.6730688,-0.5601827
1903-01,0.0009822488,-0.6912497,0.6979725
1903-02,0.34175733,-0.4971216,1.1845746
1903-03,-0.22511274,-1.0915341,0.6451241
1903-04,-0.5023146,-1.129008,0.12964697
1903-05,-0.5791416,-1.0616575,-0.08981023
1903-06,-0.6031246,-0.9502308,-0.24658316
1903-07,-0.5164994,-0.81091124,-0.21105042
1903-08,-0.42125303,-0.7153517,-0.116060846
1903-09,-0.3874417,-0.6655415,-0.09762781
1903-10,-0.47492185,-0.8222379,-0.11815504
1903-11,-0.6751357,-1.1539388,-0.18942554
1903-12,-0.75703466,-1.3104894,-0.19759083
1904-01,-0.82026595,-1.5133562,-0.122495465
1904-02,-0.50969344,-1.3526632,0.33713245
1904-03,-0.9315819,-1.7693152,-0.08995441
1904-04,-0.73040205,-1.3435669,-0.11193344
1904-05,-0.43047193,-0.9168044,0.0625335
1904-06,-0.48936787,-0.8469052,-0.12278017
1904-07,-0.552948,-0.8461444,-0.24880695
1904-08,-0.33504292,-0.6268501,-0.03221745
1904-09,-0.511386,-0.78731334,-0.22384007
1904-10,-0.22087075,-0.56864434,0.13621362
1904-11,-0.20312296,-0.68488646,0.2854069
1904-12,-0.37512144,-0.93691474,0.1924917
1905-01,-0.582912,-1.2515302,0.09048632
1905-02,-1.5670799,-2.366331,-0.76382416
1905-03,-0.63066113,-1.4563279,0.19888711
1905-04,-0.89649403,-1.5001253,-0.2875618
1905-05,-0.36022502,-0.8333325,0.11963791
1905-06,-0.12226765,-0.4738685,0.23839727
1905-07,-0.09711665,-0.3858452,0.20258112
1905-08,-0.11514457,-0.40153003,0.18230058
1905-09,0.041469138,-0.22744206,0.32213023
1905-10,-0.34352472,-0.67732775,-0.00017890429
1905-11,0.22488861,-0.26321298,0.7195713
1905-12,0.12537944,-0.421887,0.6785377
1906-01,0.07147657,-0.59119844,0.7388951
1906-02,-0.6908045,-1.4937725,0.116090335
1906-03,-0.6400545,-1.4521121,0.17587955
1906-04,0.14373188,-0.439053,0.73191077
1906-05,0.03288683,-0.4446887,0.5170379
1906-06,0.057934232,-0.2931338,0.4179146
1906-07,-0.11176487,-0.39833546,0.1856562
1906-08,-0.038579363,-0.31349063,0.24764913
1906-09,-0.13568164,-0.40002182,0.14040445
1906-10,-0.07742146,-0.40606055,0.26074287
1906-11,-0.41449416,-0.87391454,0.051786836
1906-12,0.12327525,-0.40398622,0.6565205
1907-01,-0.6381898,-1.263229,-0.008217106
1907-02,-0.9903473,-1.7330966,-0.24343778
1907-03,-0.5787974,-1.3288685,0.17539507
1907-04,-1.0333346,-1.5960616,-0.46512064
1907-05,-1.0149232,-1.4895189,-0.53382695
1907-06,-0.72861516,-1.0687914,-0.3794169
1907-07,-0.39738122,-0.6782571,-0.10563111
1907-08,-0.45464373,-0.7229914,-0.17490453
1907-09,-0.27340457,-0.53209126,-0.0029456015
1907-10,0.027699154,-0.29763064,0.36245653
1907-11,-0.8466499,-1.3225188,-0.36425543
1907-12,-0.47328213,-1.0111649,0.07039871
1908-01,-0.15273532,-0.7928842,0.49216348
1908-02,-0.31947577,-1.0726348,0.43772534
1908-03,-1.0630242,-1.820677,-0.30135095
1908-04,-0.5331774,-1.1079305,0.046871804
1908-05,-0.3544091,-0.8356633,0.13316561
1908-06,-0.21709143,-0.56163096,0.13622573
1908-07,-0.30694067,-0.5844302,-0.018609064
1908-08,-0.411796,-0.674764,-0.13740878
1908-09,-0.0860912,-0.33859935,0.17829776
1908-10,-0.43006104,-0.7475106,-0.10308489
1908-11,-0.8992396,-1.3609974,-0.4308892
1908-12,-0.45744425,-0.9713115,0.062358703
1909-01,-0.6998628,-1.3495831,-0.045574088
1909-02,-0.525879,-1.3175392,0.26953754
1909-03,-1.0120839,-1.781418,-0.23887731
1909-04,-0.8695304,-1.4443712,-0.28951287
1909-05,-0.69257843,-1.1495116,-0.22913873
1909-06,-0.39871,-0.73591495,-0.052733168
1909-07,-0.34363508,-0.61702335,-0.059482366
1909-08,-0.0035726675,-0.2643609,0.26848704
1909-09,0.07794809,-0.1699592,0.3377027
1909-10,0.020738926,-0.2824491,0.3336786
1909-11,0.27032238,-0.18523712,0.7324376
1909-12,-0.53680235,-1.0591344,-0.00873514
1910-01,0.12034892,-0.5254959,0.7707371
1910-02,-0.342751,-1.1171443,0.43543035
1910-03,-0.10271849,-0.86693007,0.665342
1910-04,-0.18247668,-0.7458698,0.38614008
1910-05,-0.32885754,-0.78712624,0.13582426
1910-06,-0.34847835,-0.67872393,-0.009394164
1910-07,-0.11525474,-0.38254136,0.1629054
1910-08,-0.252632,-0.507274,0.013427345
1910-09,-0.29266936,-0.5338626,-0.039470073
1910-10,-0.20054846,-0.5042314,0.11274679
1910-11,-0.7905865,-1.2369574,-0.33767846
1910-12,-0.7111302,-1.2343762,-0.18224786
1911-01,-0.6231396,-1.2461326,0.0044719363
1911-02,-0.98338217,-1.7045542,-0.25819272
1911-03,-0.89338076,-1.6159351,-0.16681343
1911-04,-0.68107986,-1.2342476,-0.12267261
1911-05,-0.30415666,-0.75571847,0.15381707
1911-06,-0.110762425,-0.43471023,0.22204392
1911-07,-0.12493298,-0.38799956,0.14900354
1911-08,-0.07027588,-0.3168329,0.1878549
1911-09,-0.027390651,-0.2639165,0.2211726
1911-10,-0.3044137,-0.5974396,-0.0015825671
1911-11,-0.17366938,-0.6252679,0.2843744
1911-12,-0.003295038,-0.5312886,0.53023225
1912-01,-0.65027183,-1.2696477,-0.026300525
1912-02,-0.07012746,-0.80768013,0.67128444
1912-03,-0.7915795,-1.5293615,-0.049924523
1912-04,-0.5114403,-1.0712467,0.05346893
1912-05,-0.23599663,-0.6686796,0.20327841
1912-06,-0.022283664,-0.33747613,0.30193093
1912-07,-0.5658443,-0.82338613,-0.29731485
1912-08,-0.78767055,-1.0330144,-0.5307907
1912-09,-0.8682757,-1.0998905,-0.6244174
1912-10,-1.1090611,-1.4020462,-0.8063093
1912-11,-0.69958335,-1.1501739,-0.24253932
1912-12,-0.3525518,-0.86098063,0.1615832
1913-01,-0.21568449,-0.8347551,0.40795526
1913-02,-0.8845816,-1.6212127,-0.14409924
1913-03,-0.6439278,-1.3739446,0.08998118
1913-04,-0.27809343,-0.83220774,0.2811486
1913-05,-0.7323787,-1.1611894,-0.29695663
1913-06,-0.6124066,-0.9326781,-0.28331718
1913-07,-0.5140351,-0.76757395,-0.24943313
1913-08,-0.10859125,-0.34541592,0.1400236
1913-09,-0.23553097,-0.4632579,0.0044733277
1913-10,-0.4122817,-0.69965726,-0.11510679
1913-11,0.32537028,-0.11333552,0.7705615
1913-12,0.42723683,-0.08179949,0.94188005
1914-01,0.76821154,0.12943967,1.4112822
1914-02,0.23898582,-0.522245,1.0038329
1914-03,-0.17227322,-0.9450636,0.60408586
1914-04,-0.4963347,-1.0594668,0.07170757
1914-05,-0.09005605,-0.522356,0.34863117
1914-06,-0.1645212,-0.48914817,0.1685901
1914-07,-0.09544886,-0.34387472,0.16397297
1914-08,-0.14238743,-0.3841672,0.11069033
1914-09,-0.21546906,-0.4420108,0.023180332
1914-10,-0.03321578,-0.31250477,0.2559749
1914-11,-0.46605492,-0.91433835,-0.011508208
1914-12,-0.4226223,-0.922582,0.082946904
1915-01,0.05747207,-0.60277927,0.7218131
1915-02,0.2844198,-0.48182064,1.0542083
1915-03,-0.89083207,-1.6623802,-0.115755305
1915-04,0.079551026,-0.500121,0.6639177
1915-05,-0.23406672,-0.6663978,0.20454492
1915-06,-0.14924958,-0.46562344,0.1756434
1915-07,-0.13334881,-0.3831703,0.12724201
1915-08,-0.15139419,-0.39601302,0.104224995
1915-09,-0.15153114,-0.38163206,0.090245485
1915-10,-0.26759255,-0.55149275,0.025914999
1915-11,0.010718758,-0.44229957,0.46983135
1915-12,0.00054041843,-0.5014947,0.5080675
1916-01,0.1947554,-0.46537778,0.8589618
1916-02,-0.10725298,-0.8627432,0.6518047
1916-03,-0.94179124,-1.7041731,-0.1758694
1916-04,-0.35832807,-0.91780716,0.20597713
1916-05,-0.4641335,-0.89044994,-0.031493377
1916-06,-0.543155,-0.8567098,-0.22106896
1916-07,-0.017316816,-0.26389045,0.240045
1916-08,-0.1758811,-0.4192994,0.07843753
1916-09,-0.48559844,-0.7145724,-0.24504857
1916-10,-0.34715205,-0.62100464,-0.06345181
1916-11,-0.26302472,-0.7067054,0.18681534
1916-12,-1.0209461,-1.5183052,-0.5181013
1917-01,-0.65787125,-1.291683,-0.019779352
1917-02,-1.3916931,-2.1411672,-0.6385951
1917-03,-1.4643933,-2.2139494,-0.7112266
1917-04,-0.71788245,-1.2736967,-0.15718764
1917-05,-1.1282072,-1.5501635,-0.6998223
1917-06,-0.36311436,-0.66536576,-0.051864408
1917-07,-0.08521399,-0.32573426,0.16654153
1917-08,-0.052278988,-0.28571996,0.19276229
1917-09,-0.02781195,-0.2503482,0.20693217
1917-10,-0.621462,-0.89034617,-0.34238952
1917-11,-0.14267528,-0.57488334,0.29598555
1917-12,-1.6061935,-2.1080585,-1.0987498
1918-01,-0.7897174,-1.418217,-0.15687978
1918-02,-0.46200237,-1.1722115,0.25205362
1918-03,-0.42619568,-1.1384641,0.28992245
1918-04,-0.70493394,-1.2484545,-0.1563706
1918-05,-0.7586833,-1.1783943,-0.33243287
1918-06,-0.51078916,-0.82012486,-0.19263543
1918-07,-0.2304834,-0.4764559,0.026432136
1918-08,-0.27360007,-0.4970255,-0.038103692
1918-09,-0.13714767,-0.3568276,0.09487362
1918-10,0.3427054,0.07440503,0.6212484
1918-11,-0.3103318,-0.75094324,0.13660574
1918-12,-0.48170236,-0.9791703,0.021349458
1919-01,-0.12302941,-0.75666845,0.51485026
1919-02,-0.34806037,-1.0559412,0.36364585
1919-03,-0.7567329,-1.4407889,-0.068699114
1919-04,-0.24552444,-0.81123334,0.32497537
1919-05,-0.6141603,-1.0478599,-0.17423896
1919-06,-0.21453163,-0.5293733,0.10887727
1919-07,-0.14924634,-0.3982706,0.11059103
1919-08,-0.015788231,-0.24031119,0.22073938
1919-09,0.16475756,-0.06380125,0.405159
1919-10,-0.21811865,-0.4865832,0.060525864
1919-11,-1.0504704,-1.5386474,-0.5565879
1919-12,-0.84081084,-1.3609382,-0.31530893
1920-01,0.0040085516,-0.6111217,0.6235059
1920-02,-0.5341732,-1.2169294,0.15254766
1920-03,0.08727929,-0.5886594,0.767227
1920-04,-0.30888078,-0.8642845,0.25142112
1920-05,-0.060844764,-0.49757734,0.38211608
1920-06,-0.21945234,-0.5313835,0.10117057
1920-07,0.036473162,-0.21284074,0.29659653
1920-08,-0.046800435,-0.26582363,0.18444408
1920-09,-0.0062552933,-0.22091816,0.22089548
1920-10,-0.33092365,-0.57995987,-0.071020514
1920-11,-0.70793283,-1.1608999,-0.24882321
1920-12,-0.6611889,-1.1518217,-0.16490331
1921-01,0.71142954,0.12971671,1.2978381
1921-02,-0.047922067,-0.7059959,0.61431724
1921-03,0.18840411,-0.43092725,0.8121821
1921-04,0.18546848,-0.33493736,0.7111756
1921-05,0.015377013,-0.43884784,0.47569552
1921-06,0.13315916,-0.17259924,0.44789544
1921-07,0.15113127,-0.08916533,0.40289864
1921-08,-0.16375686,-0.3758566,0.06130821
1921-09,-0.15099657,-0.36106983,0.07216757
1921-10,-0.045011126,-0.30172175,0.22257167
1921-11,-0.747986,-1.1676835,-0.32154214
1921-12,-0.020458616,-0.49238667,0.45751557
1922-01,-0.667407,-1.2356913,-0.09420255
1922-02,-0.60805297,-1.2502333,0.038508307
1922-03,-0.33551407,-0.9641752,0.29761276
1922-04,-0.18312393,-0.7074372,0.34658748
1922-05,0.058456767,-0.37545744,0.49889848
1922-06,0.025208676,-0.27766043,0.337399
1922-07,-0.15677619,-0.39477992,0.09301087
1922-08,-0.08789472,-0.29959902,0.1370974
1922-09,-0.17448217,-0.38465264,0.049042568
1922-10,-0.2098938,-0.4682246,0.059482325
1922-11,-0.2014285,-0.6220882,0.22614808
1922-12,-0.15162313,-0.6210083,0.3239949
1923-01,0.21145403,-0.33653206,0.764679
1923-02,-0.9440132,-1.5675642,-0.31583667
1923-03,-0.5336602,-1.1676016,0.10482623
1923-04,-1.016962,-1.501749,-0.5262215
1923-05,-0.40903574,-0.8291901,0.017993335
1923-06,-0.31297418,-0.60043544,-0.015489015
1923-07,-0.19988503,-0.42512825,0.03807111
1923-08,-0.25238934,-0.45702758,-0.03387655
1923-09,0.0078478465,-0.19036198,0.22045752
1923-10,0.27096543,0.02147282,0.5320918
1923-11,0.40928072,0.010759081,0.8152045
1923-12,0.35947558,-0.09686733,0.822284
1924-01,-0.5074559,-1.0342376,0.024843344
1924-02,-0.47704822,-1.0695995,0.120451115
1924-03,-0.55033714,-1.1720084,0.076079994
1924-04,-0.53653824,-1.019754,-0.047236282
1924-05,-0.2729308,-0.68417376,0.14555354
1924-06,-0.12647714,-0.4047672,0.16241816
1924-07,-0.1792683,-0.39816365,0.053102694
1924-08,-0.052863806,-0.25089386,0.16009659
1924-09,0.017424958,-0.18102819,0.23075195
1924-10,-0.004652932,-0.25948495,0.26217967
1924-11,0.092703305,-0.30786103,0.50098026
1924-12,-0.55095327,-1.0148894,-0.08030006
1925-01,-0.14768513,-0.70851153,0.41856384
1925-02,0.05124177,-0.56282383,0.67028034
1925-03,-0.22084138,-0.8617592,0.42481744
1925-04,-0.06355457,-0.53280294,0.4122324
1925-05,-0.22231317,-0.6213372,0.1845311
1925-06,-0.20693016,-0.47028986,0.06813585
1925-07,-0.13746342,-0.3416935,0.081739716
1925-08,0.061534192,-0.12705189,0.26627043
1925-09,0.1455875,-0.039904177,0.3475431
1925-10,-0.41668275,-0.6614876,-0.15897848
1925-11,-0.009198051,-0.39036065,0.38041288
1925-12,0.23757865,-0.20997773,0.69236284
1926-01,0.6751593,0.121783555,1.2342665
1926-02,0.5222196,-0.08981585,1.1394986
1926-03,0.008121791,-0.64285225,0.664063
1926-04,-0.49835435,-0.9575236,-0.03208232
1926-05,-0.29408583,-0.67514455,0.09558952
1926-06,-0.16678898,-0.4283681,0.10721628
1926-07,-0.23938547,-0.4443618,-0.01861312
1926-08,-0.034262627,-0.22388299,0.17241065
1926-09,0.027944678,-0.1544694,0.22805014
1926-10,-0.079444684,-0.32394406,0.17860219
1926-11,0.16755265,-0.19181818,0.5364057
1926-12,-0.4798773,-0.91059214,-0.04115949
1927-01,-0.34719217,-0.88825244,0.20004562
1927-02,-0.1268184,-0.72983706,0.4817853
1927-03,-0.5481291,-1.1761066,0.08528634
1927-04,-0.43278104,-0.8847171,0.026742011
1927-05,-0.33818284,-0.7074124,0.040402427
1927-06,-0.10243637,-0.356225,0.1647379
1927-07,0.19452666,-0.010285311,0.41597328
1927-08,-0.00044286367,-0.18735749,0.20452012
1927-09,0.19852038,0.024236202,0.391951
1927-10,0.4205671,0.17973396,0.67560536
1927-11,-0.05745998,-0.41858396,0.31344768
1927-12,-1.0383508,-1.4632056,-0.60504276
1928-01,0.35481173,-0.16550338,0.8819464
1928-02,0.029273896,-0.55202484,0.61668295
1928-03,-0.74519974,-1.3540951,-0.13041587
1928-04,-0.55281603,-0.9990261,-0.09851945
1928-05,-0.13742419,-0.49887276,0.23400265
1928-06,-0.48816758,-0.7428689,-0.2195294
1928-07,-0.0107726995,-0.21211663,0.20817196
1928-08,-0.15570451,-0.3340849,0.042719413
1928-09,-0.07218259,-0.24768263,0.12366234
1928-10,-0.016171303,-0.25129277,0.23459229
1928-11,0.100528196,-0.25470304,0.46637303
1928-12,0.014409655,-0.41166595,0.4493992
1929-01,-1.0003567,-1.5277851,-0.46580824
1929-02,-2.0101998,-2.5937605,-1.4201823
1929-03,-0.45263535,-1.0576265,0.15866672
1929-04,-0.72061926,-1.1534055,-0.2790815
1929-05,-0.23010254,-0.57170874,0.122743696
1929-06,-0.3980949,-0.6385867,-0.14177983
1929-07,-0.26109597,-0.44016394,-0.06119884
1929-08,-0.0119469445,-0.1796753,0.17817287
1929-09,-0.16468646,-0.32807672,0.021914333
1929-10,0.12059294,-0.10361546,0.36238173
1929-11,0.0750096,-0.26078588,0.4228068
1929-12,-0.9312988,-1.3273585,-0.5249265
1930-01,-0.40065423,-0.9291388,0.1353538
1930-02,-0.16445026,-0.7599927,0.4377196
1930-03,0.060800612,-0.54014325,0.6683274
1930-04,-0.1208683,-0.5414047,0.30904388
1930-05,-0.2716401,-0.6046686,0.07312747
1930-06,-0.15913711,-0.39226618,0.09040596
1930-07,0.13217129,-0.041133445,0.32699132
1930-08,0.3704906,0.20764835,0.556179
1930-09,-0.047982525,-0.20703802,0.13436022
1930-10,-0.021942567,-0.23791607,0.2114677
1930-11,0.2641028,-0.07139385,0.6108973
1930-12,-0.04212503,-0.4256531,0.35135332
1931-01,0.11406396,-0.37694898,0.6129864
1931-02,-0.7196459,-1.272677,-0.15962046
1931-03,-0.37328625,-0.94000804,0.20016235
1931-04,-0.36257917,-0.7669404,0.051073544
1931-05,-0.23812647,-0.5721403,0.10711705
1931-06,0.19043617,-0.038333703,0.435183
1931-07,0.28419843,0.11178629,0.4774657
1931-08,0.28614846,0.12904865,0.46583807
1931-09,0.20781204,0.049085952,0.38884464
1931-10,0.4199742,0.20942506,0.6477794
1931-11,0.21127924,-0.114920594,0.5485568
1931-12,0.17513558,-0.20901032,0.5687796
1932-01,1.132911,0.63486964,1.6381127
1932-02,-0.62167114,-1.1885523,-0.048535094
1932-03,-0.9489956,-1.5306497,-0.36134142
1932-04,0.0528644,-0.364482,0.47850826
1932-05,-0.19686912,-0.52619934,0.1429072
1932-06,-0.10408551,-0.32696736,0.13392846
1932-07,-0.058385048,-0.22449239,0.12731972
1932-08,0.19103631,0.032977067,0.36977515
1932-09,0.24913616,0.08909137,0.42947558
1932-10,0.20315707,0.0047817575,0.41805062
1932-11,-0.45092535,-0.7734756,-0.11798281
1932-12,-0.122637585,-0.51196504,0.27523875
1933-01,-0.67237765,-1.169391,-0.16871543
1933-02,-0.88045317,-1.4211497,-0.33366755
1933-03,-0.8513541,-1.3880335,-0.30852845
1933-04,-0.42899543,-0.79980046,-0.0493163
1933-05,-0.30511078,-0.5956243,-0.0034532663
1933-06,-0.25129274,-0.46303952,-0.024556125
1933-07,0.22976652,0.07362489,0.40550718
1933-08,0.113944955,-0.03284518,0.28145143
1933-09,0.011276333,-0.13473235,0.1778056
1933-10,-0.0701108,-0.25872704,0.13471943
1933-11,-0.27281433,-0.56067866,0.025925754
1933-12,-0.93460286,-1.3019671,-0.5587289
1934-01,-0.03744602,-0.53557545,0.46681076
1934-02,0.50884074,-0.024574956,1.0479515
1934-03,-0.60509425,-1.1584939,-0.046236396
1934-04,-0.37357318,-0.7560332,0.016676117
1934-05,0.31884417,0.03533863,0.61282
1934-06,-0.001523767,-0.21190281,0.22263758
1934-07,0.034247655,-0.11646388,0.20369653
1934-08,0.0141553255,-0.13002107,0.17763533
1934-09,-0.13338974,-0.2841547,0.035822652
1934-10,0.26609376,0.067124374,0.47943664
1934-11,0.5107606,0.20981196,0.8214227
1934-12,0.33260533,-0.024368359,0.69777125
1935-01,-0.55708814,-1.0698667,-0.03882884
1935-02,1.1540245,0.602088,1.7110217
1935-03,-0.07311517,-0.6373868,0.49607828
1935-04,-0.56418484,-0.95194125,-0.16934381
1935-05,-0.5191485,-0.78678566,-0.2413817
1935-06,-0.10439764,-0.31400687,0.11779099
1935-07,0.06750019,-0.07722803,0.22982477
1935-08,0.136092,-0.0038378069,0.29408798
1935-09,0.056256372,-0.08095225,0.2118411
1935-10,0.3847,0.19828536,0.58488315
1935-11,-0.743116,-1.0363368,-0.44097343
1935-12,-0.48119527,-0.84117115,-0.11394164
1936-01,-0.45883507,-1.0063021,0.0932499
1936-02,-1.2303334,-1.8110793,-0.64525133
1936-03,-0.5472375,-1.1352993,0.04508058
1936-04,-0.35637876,-0.77489436,0.06806515
1936-05,-0.075592436,-0.3315207,0.18987332
1936-06,0.13034709,-0.07331735,0.3458458
1936-07,0.3240293,0.18606278,0.47886175
1936-08,0.14650741,0.012799984,0.29748428
1936-09,0.13404472,0.0022015155,0.28334376
1936-10,0.124692135,-0.06893922,0.33050007
1936-11,0.19100575,-0.091148846,0.48157787
1936-12,0.4560339,0.08494147,0.83357483
1937-01,-0.13345559,-0.71397203,0.45101413
1937-02,0.30334017,-0.31046626,0.92086446
1937-03,-0.954224,-1.5777732,-0.32703167
1937-04,-0.2824871,-0.7397671,0.17973141
1937-05,0.10469868,-0.1659958,0.38361543
1937-06,0.20909019,0.004516646,0.42437595
1937-07,0.22348651,0.08702223,0.3755994
1937-08,0.37204665,0.24250612,0.51785344
1937-09,0.47965848,0.35085517,0.62481356
1937-10,0.52720773,0.3419079,0.72415483
1937-11,0.08428495,-0.20150164,0.37775496
1937-12,-0.45918414,-0.83173245,-0.080723315
1938-01,0.32790962,-0.22708264,0.88677216
1938-02,0.3233009,-0.25518608,0.90546006
1938-03,0.4361371,-0.14465384,1.0205423
1938-04,0.5101643,0.094988845,0.9303615
1938-05,-0.031400263,-0.29343656,0.23851919
1938-06,-0.0847012,-0.2790519,0.12014237
1938-07,0.16962425,0.039442077,0.31495792
1938-08,0.42437103,0.29848015,0.56579274
1938-09,0.4117194,0.29437003,0.54548347
1938-10,0.5815433,0.4004113,0.77366334
1938-11,0.53977567,0.25764593,0.8289978
1938-12,-0.60368884,-0.967052,-0.23482133
1939-01,0.11594228,-0.44727036,0.6825976
1939-02,0.208599,-0.37164792,0.7921655
1939-03,-0.57507646,-1.1741905,0.027208107
1939-04,-0.1347388,-0.5570556,0.29208493
1939-05,-0.011706392,-0.27092755,0.25471458
1939-06,0.09995093,-0.09690392,0.30620688
1939-07,0.18370269,0.05372613,0.32752064
1939-08,0.31710708,0.19174375,0.4567427
1939-09,0.07534265,-0.045289576,0.21054575
1939-10,-0.21102692,-0.39151773,-0.020498576
1939-11,0.23613222,-0.048403572,0.52704096
1939-12,1.2489663,0.8741224,1.6286608
1940-01,-1.1110793,-1.67915,-0.53999317
1940-02,-0.098828495,-0.7003179,0.5054855
1940-03,-0.2988187,-0.9004822,0.30564928
1940-04,0.17661016,-0.26934558,0.6263406
1940-05,-0.13005126,-0.40408477,0.14996293
1940-06,0.07525392,-0.12586883,0.28447837
1940-07,0.14352924,0.005580465,0.2929338
1940-08,0.014016897,-0.11227873,0.1526569
1940-09,0.21172506,0.08860815,0.34741285
1940-10,0.02678288,-0.14354405,0.20638937
1940-11,0.08212118,-0.20478073,0.37453935
1940-12,0.3099664,-0.0778314,0.7018846
1941-01,-0.121673636,-0.65511364,0.4147775
1941-02,0.23234077,-0.28457993,0.7523696
1941-03,-0.41951048,-0.9516143,0.11560406
1941-04,-0.1012707,-0.5014828,0.30286893
1941-05,-0.0072643296,-0.24926469,0.24121527
1941-06,0.175779,-0.012701561,0.3724126
1941-07,0.20026983,0.07347892,0.33879563
1941-08,0.09505057,-0.011363706,0.2152017
1941-09,-0.10377528,-0.20435649,0.011146897
1941-10,0.28991553,0.10997789,0.4781535
1941-11,-0.28419197,-0.5500167,-0.012711694
1941-12,-0.28191712,-0.63330936,0.07373077
1942-01,-0.038046926,-0.540825,0.4675493
1942-02,-0.699871,-1.19473,-0.20217091
1942-03,-0.43338126,-0.9601519,0.096031696
1942-04,-0.16729651,-0.5410832,0.21017997
1942-05,-0.13189942,-0.36917233,0.11108624
1942-06,0.15579374,-0.035645105,0.35412753
1942-07,-0.007155703,-0.13665374,0.13234979
1942-08,-0.1352327,-0.23882064,-0.0193698
1942-09,0.105391845,0.00648729,0.21690588
1942-10,0.28890955,0.11844523,0.4670145
1942-11,0.12526803,-0.12139999,0.3772828
1942-12,0.1077184,-0.22387953,0.44321394
1943-01,-0.56421113,-1.0481851,-0.07769992
1943-02,0.4712251,0.0032451642,0.9418008
1943-03,-0.34137872,-0.8497963,0.16941012
1943-04,0.3050586,-0.07904285,0.6922739
1943-05,0.2758268,0.03813349,0.5185028
1943-06,-0.1790003,-0.36426145,0.012561465
1943-07,0.043568227,-0.08451038,0.18043214
1943-08,0.14296302,0.04111754,0.2556647
1943-09,0.15444557,0.059431966,0.26092407
1943-10,0.5014195,0.32965407,0.679743
1943-11,0.1347702,-0.10762356,0.3818037
1943-12,0.4805648,0.14205892,0.82238716
1944-01,1.0052302,0.5184453,1.4941969
1944-02,0.50131905,0.027850896,0.977012
1944-03,0.107558034,-0.4037884,0.62094927
1944-04,-0.14418526,-0.5217427,0.23611408
1944-05,0.16163166,-0.07878186,0.40627086
1944-06,-0.0017338846,-0.18245304,0.1845202
1944-07,0.056014713,-0.06670434,0.18668012
1944-08,0.12890145,0.030751158,0.23674473
1944-09,0.3955473,0.30123824,0.499787
1944-10,0.3875192,0.22166272,0.55919194
1944-11,-0.1502505,-0.3754923,0.07927105
1944-12,-0.6839443,-1.0017091,-0.36315906
1945-01,-0.4751103,-0.94149905,-0.00678564
1945-02,-0.7062512,-1.1684191,-0.2421544
1945-03,-0.31266525,-0.7935975,0.1701151
1945-04,0.24895817,-0.11526295,0.6155983
1945-05,-0.19226651,-0.431661,0.050759032
1945-06,-0.09232576,-0.27020994,0.09034806
1945-07,-0.14352289,-0.26281977,-0.017221944
1945-08,0.35117358,0.25604674,0.4548651
1945-09,0.20284462,0.10867283,0.30557707
1945-10,0.21248323,0.053021066,0.37711045
1945-11,-0.09856633,-0.31135765,0.11808159
1945-12,-0.89118886,-1.1970909,-0.58261716
1946-01,0.33615783,-0.09321018,0.7673721
1946-02,0.22980402,-0.19386639,0.6553312
1946-03,-0.31249675,-0.77177215,0.1484656
1946-04,0.44451502,0.1025072,0.78876215
1946-05,-0.18050975,-0.3987802,0.041225314
1946-06,-0.14053957,-0.30859753,0.03196013
1946-07,0.007863405,-0.09686695,0.1195297
1946-08,0.026473159,-0.057656944,0.11899318
1946-09,0.08603261,0.0028907498,0.177526
1946-10,-0.06512867,-0.22202647,0.09631656
1946-11,0.059435226,-0.1552096,0.2773884
1946-12,-0.8144288,-1.1023637,-0.524046
1947-01,-0.5013035,-0.92543614,-0.07561035
1947-02,-0.571825,-0.9832864,-0.15877107
1947-03,0.061561573,-0.37129268,0.49590835
1947-04,0.3029963,-0.02419866,0.6321438
1947-05,-0.05306242,-0.27067184,0.16744435
1947-06,-0.09439428,-0.25873107,0.07371337
1947-07,-0.0099649755,-0.11198688,0.09796073
1947-08,0.15159614,0.0655766,0.24443913
1947-09,0.24075359,0.15784329,0.33063197
1947-10,0.71443003,0.56103766,0.87164956
1947-11,0.18148398,-0.028539807,0.39428562
1947-12,-0.21226832,-0.49399072,0.07151113
1948-01,0.72514236,0.3294959,1.1221557
1948-02,-0.05369866,-0.44713834,0.34109902
1948-03,-0.36350924,-0.7785611,0.052813366
1948-04,0.13544554,-0.19609602,0.46855414
1948-05,0.2943512,0.083815984,0.5073181
1948-06,0.16685271,0.009490914,0.32741758
1948-07,-0.0358999,-0.13424256,0.06743172
1948-08,0.120119035,0.035626527,0.21030016
1948-09,0.091116965,0.0069531375,0.18093057
1948-10,0.2227591,0.06998957,0.378677
1948-11,0.18336332,-0.021186667,0.39024907
1948-12,-0.28234416,-0.54703444,-0.015863994
1949-01,0.5973346,0.20580535,0.98998255
1949-02,-0.24041007,-0.63229835,0.15258443
1949-03,-0.4212958,-0.8430204,0.0014469286
1949-04,0.05892472,-0.25648546,0.37568223
1949-05,0.05006963,-0.15603127,0.25821
1949-06,-0.19431631,-0.34868318,-0.03725746
1949-07,-0.21482433,-0.314393,-0.111158736
1949-08,0.045660775,-0.04001519,0.13603678
1949-09,-0.012770001,-0.09370612,0.07310281
1949-10,0.29647112,0.1449477,0.45067745
1949-11,0.062499367,-0.14217532,0.26916254
1949-12,-0.42782876,-0.6930212,-0.16110124
1950-01,-0.69543093,-1.0597016,-0.33012465
1950-02,-0.4377502,-0.8012054,-0.07325689
1950-03,-0.21392566,-0.60177696,0.17489858
1950-04,-0.32867497,-0.6271511,-0.02893569
1950-05,-0.1013022,-0.28958955,0.08898119
1950-06,-0.09429724,-0.24320705,0.057128575
1950-07,-0.30137488,-0.39710483,-0.20177634
1950-08,-0.2528083,-0.32489014,-0.17566273
1950-09,-0.08855744,-0.16364227,-0.008598835
1950-10,-0.033826027,-0.17088893,0.10596626
1950-11,-0.77342284,-0.9657598,-0.5791314
1950-12,-0.32595268,-0.5695292,-0.0808299
1951-01,-0.58235264,-0.9029857,-0.26063368
1951-02,-0.97659004,-1.2805494,-0.6714853
1951-03,-0.64571786,-0.9745721,-0.31580478
1951-04,0.05953717,-0.18338114,0.303887
1951-05,0.05314744,-0.12065056,0.22894074
1951-06,-0.12423272,-0.2621978,0.016237587
1951-07,-0.007647745,-0.0915104,0.08027544
1951-08,0.28561518,0.2245343,0.3521615
1951-09,0.34036863,0.27658853,0.40940082
1951-10,0.26944953,0.14342555,0.39821124
1951-11,-0.024641288,-0.20083119,0.15351713
1951-12,0.6835587,0.46244055,0.90624857
1952-01,0.29104114,-0.02025923,0.60337055
1952-02,0.029203175,-0.26404133,0.32353988
1952-03,-0.6899813,-1.0062428,-0.3727068
1952-04,0.03455116,-0.19490789,0.2654044
1952-05,-0.019038403,-0.18283987,0.14671044
1952-06,0.13949695,0.008575708,0.2728466
1952-07,0.20929411,0.12838492,0.29407653
1952-08,0.09453714,0.033758283,0.16038416
1952-09,0.18191102,0.11302046,0.25531176
1952-10,-0.16662802,-0.2920464,-0.03867673
1952-11,-0.63781846,-0.8145517,-0.45927885
1952-12,-0.27746794,-0.49588215,-0.057589505
1953-01,0.30010504,-0.002775699,0.6039554
1953-02,0.36378485,0.07207665,0.6564997
1953-03,0.2557267,-0.04551871,0.5579469
1953-04,0.3164258,0.09450872,0.53966445
1953-05,0.16523613,0.00011404474,0.33213013
1953-06,0.31343517,0.18608034,0.44307914
1953-07,0.25010312,0.1718118,0.33206552
1953-08,0.25504437,0.19479896,0.3199891
1953-09,0.1698609,0.10288666,0.24109188
1953-10,0.375259,0.24460475,0.5081456
1953-11,-0.19607837,-0.3749896,-0.015530522
1953-12,0.35921887,0.14566943,0.5741414
1954-01,-0.6459258,-0.94109344,-0.3498497
1954-02,-0.23551,-0.5273921,0.057290845
1954-03,-0.5015336,-0.8057282,-0.19645736
1954-04,-0.18962106,-0.41911379,0.041039053
1954-05,-0.27321157,-0.4375976,-0.10719967
1954-06,0.022693649,-0.10250651,0.150021
1954-07,-0.109144725,-0.18363285,-0.031134121
1954-08,-0.0046274406,-0.06162207,0.05689947
1954-09,0.11350909,0.049335893,0.18173937
1954-10,0.19263989,0.07668409,0.3108893
1954-11,0.4502933,0.2750801,0.62703276
1954-12,-0.23162237,-0.4375054,-0.024438886
1955-01,0.6231131,0.34026647,0.9068217
1955-02,-0.1397069,-0.41608897,0.13755725
1955-03,-0.9731073,-1.2591771,-0.6861851
1955-04,-0.38645202,-0.5992115,-0.17254792
1955-05,-0.10025399,-0.2576565,0.058692303
1955-06,-0.045426607,-0.17303632,0.08408249
1955-07,-0.043016065,-0.11807966,0.035232957
1955-08,0.13087188,0.07308903,0.19273643
1955-09,0.017451864,-0.048497766,0.08700558
1955-10,0.12414651,0.007195094,0.24316752
1955-11,-0.45050216,-0.621185,-0.27839467
1955-12,-0.49045008,-0.6935675,-0.286134
1956-01,-0.22942239,-0.51114166,0.05308004
1956-02,-0.85805124,-1.1205167,-0.59474546
1956-03,-0.68780845,-0.9657263,-0.4090968
1956-04,-0.5654926,-0.76774687,-0.36214885
1956-05,-0.38368553,-0.53829306,-0.22765552
1956-06,-0.23011453,-0.3519052,-0.10652307
1956-07,-0.340314,-0.4151691,-0.26256332
1956-08,-0.3893797,-0.44470203,-0.3301983
1956-09,-0.39822605,-0.46025428,-0.33273268
1956-10,-0.33903703,-0.4526983,-0.22344828
1956-11,-0.53974223,-0.7148026,-0.36342427
1956-12,-0.3980312,-0.6096029,-0.1854178
1957-01,-0.2815904,-0.55319524,-0.009254382
1957-02,-0.23432739,-0.4909894,0.02310825
1957-03,-0.62995255,-0.9047674,-0.35441503
1957-04,-0.2414544,-0.43506834,-0.04681606
1957-05,-0.24713707,-0.39619076,-0.096755125
1957-06,0.030438697,-0.08764919,0.15019876
1957-07,-0.06509159,-0.13763791,0.01014598
1957-08,0.06575266,0.014700917,0.12056146
1957-09,0.12613267,0.06837972,0.18723199
1957-10,-0.12500238,-0.23520268,-0.013012082
1957-11,0.10609345,-0.051805265,0.2652466
1957-12,0.4097976,0.2236735,0.5969871
1958-01,0.6602532,0.3994452,0.92174256
1958-02,0.2636314,0.016605781,0.5113763
1958-03,-0.19937551,-0.45697752,0.05891635
1958-04,-0.11021139,-0.30081818,0.081326686
1958-05,-0.02930223,-0.1699215,0.112576835
1958-06,-0.11619544,-0.2284685,-0.0023484929
1958-07,-0.11213233,-0.18164653,-0.040103793
1958-08,0.06291067,0.011584944,0.11759355
1958-09,-0.036781047,-0.0924629,0.022009742
1958-10,-0.008335346,-0.106271826,0.09140152
1958-11,0.04365104,-0.10203008,0.19054855
1958-12,0.12170905,-0.061047707,0.30543688
1959-01,0.22673553,0.0021670316,0.45200735
1959-02,0.1308267,-0.101948455,0.36428043
1959-03,0.26180053,0.034169503,0.49012542
1959-04,0.12977006,-0.04029361,0.30076137
1959-05,-0.06493309,-0.18629779,0.057728097
1959-06,0.13940616,0.03926325,0.24111645
1959-07,-0.018276263,-0.08267203,0.04853086
1959-08,0.085533775,0.03713545,0.13709709
1959-09,0.1232699,0.06938538,0.18001424
1959-10,-0.16881427,-0.26303583,-0.07292848
1959-11,-0.29548356,-0.44646245,-0.14346056
1959-12,0.005657886,-0.16237465,0.17462921
1960-01,0.028750379,-0.20455962,0.26265794
1960-02,0.60820395,0.38567474,0.8313595
1960-03,-0.88402873,-1.1090629,-0.6583751
1960-04,-0.33455193,-0.49967465,-0.16858597
1960-05,-0.17342515,-0.29555172,-0.05016086
1960-06,0.20168163,0.1035785,0.30119753
1960-07,-0.015445259,-0.07837396,0.049663976
1960-08,0.05575321,0.0076511255,0.10667472
1960-09,0.09300926,0.036641043,0.15180184
1960-10,-0.034797587,-0.13541588,0.06719865
1960-11,-0.2097675,-0.355198,-0.0633803
1960-12,0.48643503,0.3246033,0.6491271
1961-01,0.14265323,-0.0793756,0.3652316
1961-02,0.42711237,0.21980898,0.6350042
1961-03,0.18075019,-0.033947755,0.3960164
1961-04,0.11218052,-0.044543203,0.2696818
1961-05,0.07944313,-0.04420492,0.20407525
1961-06,0.17234354,0.07712224,0.26883924
1961-07,-0.00988825,-0.071959354,0.05412073
1961-08,-0.0028676114,-0.050415736,0.047183882
1961-09,-0.040122584,-0.09089108,0.012997732
1961-10,-0.22379988,-0.31681985,-0.12947577
1961-11,-0.005091393,-0.14255394,0.133257
1961-12,-0.25780186,-0.42105916,-0.09379798
1962-01,0.324996,0.11317333,0.537318
1962-02,0.44595522,0.24941689,0.64303166
1962-03,-0.0062020198,-0.21195891,0.20006889
1962-04,0.16274606,0.014313318,0.3118905
1962-05,0.019238753,-0.09511145,0.1345113
1962-06,-0.29450658,-0.3905242,-0.19739231
1962-07,0.049988832,-0.012474627,0.1141252
1962-08,-0.03655833,-0.083965324,0.013032122
1962-09,-0.078324646,-0.13049245,-0.024164977
1962-10,0.19359097,0.102759965,0.28558043
1962-11,0.028344575,-0.11139624,0.16884114
1962-12,0.104475915,-0.058528557,0.26812872
1963-01,0.01301173,-0.19986625,0.22631577
1963-02,0.60978967,0.41064635,0.8093884
1963-03,-0.3913672,-0.60066396,-0.18163711
1963-04,-0.2166486,-0.36532065,-0.06736712
1963-05,-0.16947639,-0.28622997,-0.051947802
1963-06,-0.14319398,-0.23772103,-0.047711298
1963-07,0.06538904,0.003000062,0.12921661
1963-08,0.08352233,0.03640644,0.13252726
1963-09,0.18498155,0.13266781,0.23900288
1963-10,0.5719544,0.47897336,0.6659068
1963-11,0.51353526,0.3630262,0.6646463
1963-12,-0.13608041,-0.30366564,0.03204568
1964-01,-0.05282003,-0.2639748,0.15869834
1964-02,-0.38546947,-0.588041,-0.1825189
1964-03,-0.6996686,-0.9089605,-0.4900099
1964-04,-0.44872957,-0.5995249,-0.2974255
1964-05,-0.12692368,-0.24232252,-0.01086087
1964-06,-0.16694872,-0.26339886,-0.06970515
1964-07,-0.16253275,-0.22355962,-0.100259446
1964-08,-0.28565875,-0.33336803,-0.23636511
1964-09,-0.32265395,-0.37400007,-0.26983246
1964-10,-0.34190583,-0.43006682,-0.2528775
1964-11,-0.23768114,-0.3765833,-0.09822686
1964-12,-0.3594088,-0.52198386,-0.1963618
1965-01,0.037100922,-0.1697562,0.2442675
1965-02,-0.6881562,-0.8834618,-0.49252284
1965-03,-0.26993066,-0.47590208,-0.06364845
1965-04,-0.5105172,-0.6574311,-0.36316776
1965-05,-0.2754395,-0.3895483,-0.1607707
1965-06,-0.2639545,-0.3578873,-0.16934219
1965-07,-0.2632961,-0.32121116,-0.20428526
1965-08,-0.33227894,-0.3800879,-0.2831483
1965-09,-0.30079237,-0.3513626,-0.24897091
1965-10,-0.012840455,-0.10154228,0.07658064
1965-11,-0.27775735,-0.4168666,-0.13818838
1965-12,-0.15890671,-0.32293108,0.005507725
1966-01,-0.3088964,-0.51525974,-0.10227905
1966-02,-0.060064103,-0.24849218,0.12864207
1966-03,-0.18518898,-0.39137265,0.021248864
1966-04,-0.4043281,-0.5457572,-0.26252872
1966-05,-0.216881,-0.33044538,-0.102855794
1966-06,0.003630553,-0.09101767,0.09883121
1966-07,0.037529815,-0.020781694,0.096733786
1966-08,0.181523,0.1323786,0.23172311
1966-09,0.085052274,0.033931747,0.13718851
1966-10,-0.1185404,-0.2101973,-0.026313152
1966-11,-0.18074466,-0.32642874,-0.034701064
1966-12,-0.40147328,-0.56745636,-0.23517461
1967-01,-0.3937891,-0.6002188,-0.1871562
1967-02,-0.54017544,-0.7323468,-0.3477857
1967-03,0.029117815,-0.17759557,0.23603418
1967-04,-0.118564114,-0.2616518,0.024816664
1967-05,0.12582734,0.010890397,0.24112897
1967-06,-0.2006572,-0.29499212,-0.105878316
1967-07,-0.039106164,-0.097842865,0.020340964
1967-08,-0.031428006,-0.08079641,0.01878355
1967-09,-0.12908259,-0.1808116,-0.076548316
1967-10,0.43765804,0.34894323,0.52684474
1967-11,0.07886575,-0.066213176,0.22423376
1967-12,-0.102155745,-0.2607112,0.05666425
1968-01,-0.4676718,-0.67123437,-0.2639488
1968-02,-0.28998607,-0.47889492,-0.100904316
1968-03,0.6272061,0.4213734,0.8331975
1968-04,-0.10334358,-0.24893405,0.042471193
1968-05,-0.1677755,-0.28326416,-0.052004173
1968-06,-0.28191724,-0.37840354,-0.18509279
1968-07,-0.2833141,-0.34263295,-0.22344683
1968-08,-0.23861523,-0.28800958,-0.18856356
1968-09,-0.13603069,-0.18730758,-0.08412031
1968-10,-0.14848341,-0.23720911,-0.05939011
1968-11,-0.3722222,-0.5111868,-0.23302263
1968-12,-0.536045,-0.6919145,-0.37996605
1969-01,-1.0155044,-1.2181762,-0.8127114
1969-02,-1.1425928,-1.3313749,-0.9536806
1969-03,-0.52062154,-0.72478765,-0.31633523
1969-04,-0.1081554,-0.25176424,0.0356243
1969-05,-0.098904505,-0.21101084,0.013420599
1969-06,-0.16921271,-0.2609626,-0.07719564
1969-07,-0.039771598,-0.09871205,0.019583901
1969-08,-0.055846993,-0.104657434,-0.006536174
1969-09,-0.06648246,-0.117373906,-0.015110899
1969-10,-0.05823648,-0.14747964,0.031281333
1969-11,0.18849541,0.047247916,0.3299166
1969-12,0.34106514,0.18481287,0.49747446
1970-01,-0.13361894,-0.33660698,0.06945568
1970-02,0.3485221,0.16249287,0.5346458
1970-03,-0.4196018,-0.6226759,-0.21644118
1970-04,-0.066396296,-0.2079278,0.07525933
1970-05,-0.111079596,-0.22633563,0.0043288334
1970-06,0.0056823925,-0.087810986,0.09936358
1970-07,-0.027564954,-0.08621115,0.031380188
1970-08,-0.049177688,-0.09903708,0.0010329862
1970-09,-0.049290854,-0.10144625,0.0032004616
1970-10,-0.30666202,-0.39529687,-0.2178291
1970-11,-0.0669731,-0.20871362,0.07489138
1970-12,-0.40984118,-0.57191235,-0.24766164
1971-01,-0.0020161122,-0.20254822,0.19857466
1971-02,-0.47068015,-0.6580252,-0.28327233
1971-03,-0.63012487,-0.83266026,-0.42753133
1971-04,-0.3789175,-0.52247983,-0.23527317
1971-05,-0.2227839,-0.33498773,-0.11047523
1971-06,-0.23478678,-0.3277764,-0.14167069
1971-07,-0.22542064,-0.28538483,-0.16526057
1971-08,-0.17772436,-0.22754167,-0.12767142
1971-09,-0.04417349,-0.09401726,0.005905786
1971-10,-0.06278552,-0.1508476,0.025410062
1971-11,0.16437295,0.02913897,0.2996939
1971-12,0.023210973,-0.13109986,0.17759803
1972-01,-0.99925923,-1.2142546,-0.78423077
1972-02,-0.8212191,-1.0164354,-0.6259664
1972-03,-0.2333681,-0.4439855,-0.022716912
1972-04,-0.17768542,-0.3289043,-0.026419485
1972-05,-0.33493707,-0.45206708,-0.2177463
1972-06,-0.13712421,-0.23221228,-0.041961323
1972-07,-0.11966346,-0.18274927,-0.056464918
1972-08,-0.10305711,-0.15319775,-0.052774705
1972-09,-0.42352232,-0.4780991,-0.36881524
1972-10,-0.11317733,-0.20318274,-0.023092877
1972-11,-0.45353693,-0.5953902,-0.31163353
1972-12,-0.14314449,-0.3037804,0.017535722
1973-01,0.02001201,-0.19478472,0.23482564
1973-02,0.650826,0.4502362,0.8514339
1973-03,0.36237463,0.15059033,0.5741761
1973-04,0.2656689,0.11537465,0.4159873
1973-05,0.14080533,0.024575513,0.2570664
1973-06,0.20600283,0.1111647,0.30087927
1973-07,0.075202025,0.014192038,0.1362715
1973-08,0.058067735,0.008036997,0.10817101
1973-09,-0.07443157,-0.12876844,-0.020027902
1973-10,-0.054837447,-0.14280589,0.03317227
1973-11,-0.121258825,-0.2627924,0.020300407
1973-12,0.020341808,-0.13834578,0.17905228
1974-01,-0.47553015,-0.68842345,-0.26263067
1974-02,-0.67879814,-0.8758836,-0.48170608
1974-03,-0.11125988,-0.3134677,0.09095443
1974-04,-0.057834502,-0.20756552,0.09190525
1974-05,-0.23461704,-0.35231045,-0.116912544
1974-06,-0.15319616,-0.25039098,-0.055987887
1974-07,-0.11111203,-0.17419253,-0.04801081
1974-08,-0.10690618,-0.15647008,-0.057315912
1974-09,-0.16691378,-0.21847002,-0.115332186
1974-10,-0.39974996,-0.48893294,-0.31055236
1974-11,-0.3460561,-0.4873793,-0.20472364
1974-12,-0.36589438,-0.52434266,-0.20743789
1975-01,0.36011937,0.15299843,0.567241
1975-02,0.079097286,-0.11349092,0.27168626
1975-03,0.15941645,-0.049836505,0.3686701
1975-04,0.15255551,0.008395959,0.29671606
1975-05,0.018757232,-0.0967493,0.13426502
1975-06,-0.005743594,-0.09954375,0.088058114
1975-07,-0.032601304,-0.092025384,0.026825218
1975-08,-0.06333245,-0.112169124,-0.014492802
1975-09,0.07346426,0.022757968,0.12417341
1975-10,-0.07852956,-0.16615464,0.009097176
1975-11,-0.314554,-0.4517833,-0.17732362
1975-12,-0.274588,-0.4280278,-0.121147215
1976-01,0.16178091,-0.046369776,0.3699309
1976-02,-0.26883048,-0.454356,-0.083305694
1976-03,-0.86373484,-1.0646561,-0.6628143
1976-04,-0.033367086,-0.17883785,0.11210269
1976-05,-0.29321462,-0.40363944,-0.18279113
1976-06,-0.296531,-0.39026475,-0.2027988
1976-07,-0.36686504,-0.4293378,-0.3043946
1976-08,-0.26542702,-0.3132859,-0.21757121
1976-09,-0.14109842,-0.19138636,-0.09081337
1976-10,-0.8483571,-0.9345141,-0.7622017
1976-11,-0.5972482,-0.7357142,-0.45878318
1976-12,-0.49585673,-0.6530263,-0.33868814
1977-01,-0.64894444,-0.8651586,-0.43273634
1977-02,0.097170755,-0.10944502,0.3037802
1977-03,0.37873012,0.17308621,0.5843677
1977-04,0.38507965,0.22130314,0.54884815
1977-05,0.25461456,0.13936187,0.36985588
1977-06,0.2995205,0.20679788,0.39222902
1977-07,0.060325127,-0.0003748977,0.12100361
1977-08,-0.06981751,-0.11784163,-0.021820627
1977-09,0.10342319,0.051790044,0.15503101
1977-10,-0.1794599,-0.2689777,-0.0899567
1977-11,0.5307962,0.39075056,0.67083246
1977-12,0.015363034,-0.14193195,0.1726497
1978-01,0.08734653,-0.12333903,0.29801485
1978-02,-0.14063701,-0.3386978,0.05740542
1978-03,0.13503723,-0.07576944,0.3458267
1978-04,0.0324252,-0.11414096,0.17896657
1978-05,-0.11951314,-0.2313918,-0.0076669436
1978-06,-0.2097091,-0.30246446,-0.11699288
1978-07,-0.22567081,-0.2864338,-0.16496764
1978-08,-0.27897593,-0.3272502,-0.23077694
1978-09,-0.059794903,-0.11009003,-0.009572027
1978-10,-0.029300703,-0.118974335,0.060332425
1978-11,0.26179728,0.12276667,0.40080178
1978-12,-0.14529231,-0.30084795,0.010239992
1979-01,-0.23107764,-0.44384554,-0.018343186
1979-02,-0.48045835,-0.6781766,-0.28277615
1979-03,-0.03024846,-0.24970958,0.18918023
1979-04,-0.4175199,-0.5701454,-0.26494104
1979-05,-0.07615494,-0.18907207,0.03669914
1979-06,0.091480836,-0.002845474,0.18573166
1979-07,0.0022630936,-0.058529552,0.06293854
1979-08,-0.06589723,-0.11541829,-0.0165201
1979-09,0.120060876,0.07112253,0.16885357
1979-10,0.24205537,0.1439969,0.34004122
1979-11,0.10680075,-0.03961316,0.25316605
1979-12,0.80610317,0.6462994,0.9658624
1980-01,0.035977032,-0.17939888,0.2512983
1980-02,0.26111603,0.049277384,0.4728991
1980-03,-0.35699227,-0.57452095,-0.13951766
1980-04,0.11261063,-0.04461903,0.26976544
1980-05,0.20333578,0.086304344,0.32026663
1980-06,0.19542731,0.099951126,0.2907802
1980-07,0.082540475,0.023666207,0.14121455
1980-08,0.019158777,-0.031670183,0.069755726
1980-09,0.048990943,-0.00044601507,0.09818932
1980-10,0.11514474,0.026088202,0.20406905
1980-11,0.35141876,0.20972721,0.49302724
1980-12,0.068697415,-0.09345657,0.23077881
1981-01,1.0602851,0.8326536,1.2878393
1981-02,0.8631789,0.64490825,1.081369
1981-03,0.797173,0.571893,1.022375
1981-04,0.47944915,0.30423477,0.6545632
1981-05,0.06901781,-0.054529138,0.19242242
1981-06,0.25718746,0.15429989,0.35990405
1981-07,0.101636924,0.042125206,0.16085257
1981-08,0.2754748,0.22155754,0.32906502
1981-09,0.11100008,0.058105502,0.16356131
1981-10,0.13935909,0.04575935,0.23277083
1981-11,0.23299274,0.0878558,0.3780085
1981-12,0.61621493,0.43842658,0.7939044
1982-01,-0.4222778,-0.67996216,-0.16468877
1982-02,0.11361719,-0.12084687,0.3479765
1982-03,-0.34810174,-0.5973857,-0.09891627
1982-04,0.077508084,-0.09885186,0.25372878
1982-05,-0.050281223,-0.17170782,0.070943035
1982-06,-0.1340271,-0.23277336,-0.03552973
1982-07,0.06975353,0.004101717,0.13503033
1982-08,-0.08287262,-0.13644014,-0.029765356
1982-09,0.1414424,0.08968861,0.19271967
1982-10,-0.07431804,-0.16521771,0.016311161
1982-11,-0.30805525,-0.4517115,-0.16456999
1982-12,0.4569616,0.28075367,0.6330302
1983-01,0.833032,0.5738877,1.0920501
1983-02,0.39759135,0.15907437,0.63597125
1983-03,0.31496537,0.072932854,0.55686283
1983-04,0.05477363,-0.118031844,0.22738987
1983-05,-0.01612884,-0.1389236,0.10639946
1983-06,0.06979116,-0.03199235,0.17125306
1983-07,0.34524828,0.27967212,0.41032416
1983-08,0.40288645,0.35087815,0.4542625
1983-09,0.40194967,0.34981376,0.45345488
1983-10,0.19799602,0.10338334,0.29226264
1983-11,0.75721186,0.6165071,0.8976841
1983-12,0.1147175,-0.05532913,0.2845718
1984-01,0.280799,0.027601985,0.53383017
1984-02,-0.19354466,-0.44568276,0.058426894
1984-03,0.054516032,-0.20871149,0.31758404
1984-04,-0.13456054,-0.3232909,0.053947285
1984-05,0.26724607,0.14099737,0.3931618
1984-06,0.105958216,0.0041513173,0.20735192
1984-07,0.03224739,-0.032129988,0.095969334
1984-08,0.091550745,0.037469443,0.14485015
1984-09,-0.20012899,-0.2525759,-0.14848873
1984-10,0.028662765,-0.065629154,0.122508414
1984-11,-0.27886575,-0.42293385,-0.13508935
1984-12,-0.76645637,-0.9376636,-0.5954945
1985-01,-0.09370017,-0.3322035,0.14458318
1985-02,-0.5017292,-0.7233822,-0.28031296
1985-03,-0.24826346,-0.49906096,0.002324874
1985-04,-0.029308923,-0.20520361,0.14628738
1985-05,0.07114181,-0.05288328,0.19474335
1985-06,-0.056006912,-0.15814902,0.0456205
1985-07,-0.20308803,-0.2692254,-0.13774836
1985-08,0.059827432,0.00514123,0.11354617
1985-09,-0.07952749,-0.13144836,-0.028626613
1985-10,0.04506371,-0.044546243,0.13408655
1985-11,-0.12354735,-0.26837835,0.020921122
1985-12,0.038147368,-0.13106988,0.20705444
1986-01,0.5818547,0.3423392,0.82110256
1986-02,0.23765689,0.011049564,0.46398133
1986-03,0.21353681,-0.046482254,0.4733094
1986-04,0.23122841,0.055144943,0.4069477
1986-05,0.14124608,0.016275236,0.2657033
1986-06,0.14326462,0.04046269,0.24544153
1986-07,-0.07247687,-0.14028594,-0.0056191874
1986-08,0.005104109,-0.05076175,0.059811283
1986-09,-0.13459711,-0.18923439,-0.081145145
1986-10,0.01112687,-0.086897254,0.10849529
1986-11,-0.070968784,-0.21376628,0.07137939
1986-12,-0.031026153,-0.20391203,0.14148879
1987-01,0.124692135,-0.12359486,0.37266943
1987-02,0.86467576,0.62118226,1.1078535
1987-03,-0.28217006,-0.52879506,-0.035856847
1987-04,-0.011100449,-0.19927889,0.1766692
1987-05,0.1866107,0.05680211,0.31582597
1987-06,0.12965986,0.026934281,0.23163468
1987-07,0.33883637,0.26933745,0.4072207
1987-08,0.24515234,0.19180448,0.2970398
1987-09,0.40970019,0.35724878,0.4606655
1987-10,0.18365836,0.08798007,0.27853012
1987-11,-0.09311887,-0.23993297,0.05317089
1987-12,0.6178468,0.4470122,0.788231
1988-01,0.7369865,0.48997074,0.9836345
1988-02,0.2799772,0.040654615,0.5189201
1988-03,0.31429204,0.06849814,0.55971634
1988-04,0.3520217,0.15598965,0.5475901
1988-05,0.4285363,0.29457256,0.5618206
1988-06,0.5086846,0.40519345,0.61129475
1988-07,0.4757443,0.4014838,0.54877204
1988-08,0.31325305,0.25587413,0.3690273
1988-09,0.3510558,0.29541478,0.4050405
1988-10,0.29594037,0.19871987,0.39222252
1988-11,0.07523328,-0.07130573,0.22115143
1988-12,0.68722856,0.5099084,0.864036
1989-01,0.19369172,-0.052254718,0.43920723
1989-02,0.60762024,0.37379637,0.8409908
1989-03,0.58188105,0.3330261,0.8303101
1989-04,0.30722973,0.122730516,0.4911541
1989-05,0.23658465,0.1102242,0.36210427
1989-06,0.19306974,0.08851353,0.2966082
1989-07,0.3083575,0.24021737,0.3749254
1989-08,0.25789675,0.20136204,0.31252626
1989-09,0.25510198,0.19884412,0.3094449
1989-10,0.34834838,0.24690653,0.44874093
1989-11,0.030304516,-0.10860597,0.16845058
1989-12,0.4025346,0.23353061,0.5709108
1990-01,0.4666877,0.21447252,0.7184181
1990-02,0.7334042,0.4888782,0.97743005
1990-03,1.6077466,1.3424312,1.8726013
1990-04,0.7544027,0.5609959,0.9471768
1990-05,0.438439,0.30814713,0.5677899
1990-06,0.57275176,0.47045776,0.67384446
1990-07,0.29383385,0.22417383,0.3617175
1990-08,0.4620986,0.40516773,0.5168416
1990-09,0.35999823,0.30317682,0.41462737
1990-10,0.5165945,0.41923502,0.6126911
1990-11,0.601405,0.45769495,0.7442625
1990-12,0.42490909,0.23988432,0.6092724
1991-01,0.67396903,0.43597114,0.91137964
1991-02,0.6444682,0.38189942,0.9065048
1991-03,0.2572658,-0.025628814,0.53966653
1991-04,0.6849745,0.4774797,0.8917954
1991-05,0.27279523,0.13681205,0.40774795
1991-06,0.56114995,0.45264524,0.66836035
1991-07,0.50985885,0.43183962,0.5860678
1991-08,0.42467746,0.35854387,0.48866546
1991-09,0.41426426,0.3523148,0.4739178
1991-10,0.44025818,0.34731343,0.5316887
1991-11,0.36365184,0.21780965,0.5085337
1991-12,0.1586601,-0.030072287,0.3466514
1992-01,0.9445283,0.6833304,1.2051198
1992-02,0.72686756,0.4646636,0.98846745
1992-03,0.4279981,0.13573974,0.7197147
1992-04,-0.029902084,-0.243381,0.18283454
1992-05,0.04695707,-0.0895425,0.18229277
1992-06,-0.11087322,-0.22196987,-0.0012097022
1992-07,-0.3051614,-0.37889734,-0.23360294
1992-08,-0.13427903,-0.20136164,-0.069597505
1992-09,-0.33166495,-0.39105183,-0.27500436
1992-10,-0.28503773,-0.3797993,-0.19196042
1992-11,-0.20950127,-0.35797644,-0.062095366
1992-12,0.30856994,0.1255252,0.4907484
1993-01,0.5929361,0.32537052,0.8598358
1993-02,0.7431272,0.49893743,0.9865873
1993-03,0.42594823,0.1596563,0.6915711
1993-04,0.101829804,-0.090829104,0.29356286
1993-05,0.1930321,0.048175152,0.3366554
1993-06,0.21342582,0.09511266,0.33022526
1993-07,0.060356952,-0.0120646665,0.13027835
1993-08,0.059662785,-0.0051922817,0.121713504
1993-09,-0.14063205,-0.20184788,-0.08239555
1993-10,0.09612212,0.0001570467,0.19021466
1993-11,-0.56508064,-0.720516,-0.41079438
1993-12,0.3341423,0.14417064,0.52317494
1994-01,0.41008928,0.14356862,0.6758627
1994-02,-0.24075875,-0.4902671,0.007951322
1994-03,0.47093213,0.1932409,0.7479063
1994-04,0.58672315,0.37004682,0.80247974
1994-05,0.38518333,0.21920106,0.5499631
1994-06,0.4884276,0.36362085,0.61163074
1994-07,0.39295083,0.31477055,0.46854472
1994-08,0.38964206,0.32082412,0.45550695
1994-09,0.3401649,0.2802579,0.39665493
1994-10,0.61694455,0.52014023,0.71167237
1994-11,0.6045019,0.4474858,0.7602464
1994-12,0.34626177,0.16399214,0.5274371
1995-01,1.0904675,0.8547722,1.3252233
1995-02,1.7238764,1.4783081,1.9685433
1995-03,0.6357085,0.3771535,0.8934076
1995-04,0.67139834,0.48832992,0.8532559
1995-05,0.42995685,0.30441877,0.5537225
1995-06,0.658533,0.55741394,0.75744295
1995-07,0.41053838,0.34091592,0.47691157
1995-08,0.68489784,0.6224174,0.74373597
1995-09,0.47906986,0.4198302,0.53445446
1995-10,0.8661677,0.77572984,0.9541287
1995-11,0.6605247,0.5148687,0.8046559
1995-12,0.2228262,0.03980275,0.40463847
1996-01,0.26326847,0.02292346,0.50259537
1996-02,0.5982654,0.34393716,0.8516317
1996-03,0.08861701,-0.17945036,0.35577193
1996-04,-0.06885343,-0.24679556,0.10771112
1996-05,0.33754998,0.20882319,0.46436566
1996-06,0.2638702,0.16213362,0.36317766
1996-07,0.348696,0.27881107,0.41499484
1996-08,0.13484497,0.06709681,0.19888751
1996-09,0.008564989,-0.05335127,0.06640319
1996-10,0.057600744,-0.03657313,0.149145
1996-11,0.25514463,0.10261708,0.40606278
1996-12,0.4884149,0.2919841,0.68359864
1997-01,0.56475586,0.3234672,0.8049287
1997-02,0.8222567,0.5859193,1.0574548
1997-03,0.8015547,0.5405107,1.0615677
1997-04,0.46866682,0.29053378,0.64528567
1997-05,0.41587913,0.27893397,0.5508487
1997-06,0.5746766,0.4669546,0.67987573
1997-07,0.3959043,0.32144907,0.4666603
1997-08,0.56736416,0.49842313,0.6322925
1997-09,0.49556464,0.43292874,0.55375475
1997-10,0.68659437,0.5968851,0.7732579
1997-11,0.50618964,0.34936193,0.66129535
1997-12,0.5304699,0.31999248,0.7396673
1998-01,0.7104366,0.44968116,0.9700614
1998-02,1.547832,1.3154639,1.7789308
1998-03,0.6865303,0.43472275,0.9371669
1998-04,1.1361146,0.95801735,1.3125526
1998-05,0.8286987,0.6933749,0.96183115
1998-06,0.9170321,0.81634855,1.0147505
1998-07,0.99962693,0.9287403,1.0662347
1998-08,0.9433173,0.88013417,1.0016594
1998-09,0.8167445,0.75803006,0.87021494
1998-10,0.7153596,0.62173134,0.8057917
1998-11,0.32123783,0.16845147,0.47208664
1998-12,1.0851393,0.88932234,1.2794482
1999-01,0.9342116,0.6893781,1.177731
1999-02,1.568065,1.3307583,1.8040158
1999-03,0.13946758,-0.10937876,0.3870211
1999-04,0.7720929,0.59756595,0.9447714
1999-05,0.424508,0.291271,0.5553145
1999-06,0.47738975,0.3701691,0.58157474
1999-07,0.5205089,0.447784,0.58867884
1999-08,0.47692868,0.41229802,0.5363876
1999-09,0.6602455,0.59777606,0.71734774
1999-10,0.64445746,0.5504576,0.7349794
1999-11,0.6398558,0.48927364,0.78829175
1999-12,1.0913229,0.9005661,1.2803901
2000-01,0.47209927,0.2332535,0.70948035
2000-02,1.3135573,1.0679865,1.5577036
2000-03,1.0785589,0.80459476,1.3512471
2000-04,1.263184,1.0823474,1.4420813
2000-05,0.75969625,0.62575555,0.89100724
2000-06,0.5020468,0.3990951,0.6015532
2000-07,0.56103384,0.48824784,0.6288591
2000-08,0.623746,0.55883837,0.68303734
2000-09,0.40213013,0.34083587,0.45744237
2000-10,0.27522424,0.18323976,0.36333555
2000-11,0.058310725,-0.09067787,0.20493972
2000-12,0.24874678,0.06686536,0.42870042
2001-01,0.812932,0.5480887,1.0763448
2001-02,0.5427968,0.27995816,0.80419403
2001-03,1.0294893,0.75957716,1.297998
2001-04,0.8556719,0.67115766,1.038127
2001-05,0.9706348,0.82742184,1.1111848
2001-06,0.58418477,0.47631064,0.6884976
2001-07,0.7782772,0.70168257,0.8497691
2001-08,0.8947554,0.82354623,0.9604449
2001-09,0.61986154,0.5530083,0.68080175
2001-10,0.78102916,0.6868504,0.87110686
2001-11,1.367926,1.2107347,1.5226952
2001-12,0.7084985,0.51228166,0.9027802
2002-01,1.582823,1.2993907,1.8648121
2002-02,1.9212879,1.649635,2.1914346
2002-03,1.4862915,1.2140785,1.7570015
2002-04,0.65622807,0.46880782,0.8414584
2002-05,0.5229458,0.38946524,0.6533337
2002-06,0.8082888,0.7022637,0.91039294
2002-07,0.92880833,0.8501749,1.0020692
2002-08,0.6480978,0.57587934,0.714426
2002-09,0.756035,0.69138706,0.8140288
2002-10,0.39651093,0.30409676,0.484399
2002-11,0.8036544,0.64835346,0.9563052
2002-12,0.20522109,0.008540597,0.39981592
2003-01,1.2022914,0.952283,1.4505359
2003-02,0.6737533,0.40683395,0.93902135
2003-03,0.6413336,0.35473406,0.9263958
2003-04,0.71725255,0.5274435,0.9047322
2003-05,0.9140245,0.76860726,1.0563879
2003-06,0.60525936,0.4958494,0.71057653
2003-07,0.7198998,0.6377887,0.79647255
2003-08,1.0616796,0.9881507,1.1289675
2003-09,0.8456064,0.7787305,0.90555274
2003-10,1.1843593,1.0906125,1.2732954
2003-11,0.77147603,0.61821234,0.9218454
2003-12,1.3093351,1.1186755,1.4976759
2004-01,0.8422383,0.5900519,1.0925462
2004-02,1.3983805,1.1471598,1.6477154
2004-03,1.1774395,0.90926427,1.443849
2004-04,0.7858424,0.5966903,0.97248274
2004-05,0.518789,0.38902593,0.6448626
2004-06,0.47829574,0.36919957,0.5829766
2004-07,0.49860397,0.42040628,0.5705135
2004-08,0.5327176,0.4582207,0.6005842
2004-09,0.6474041,0.57968843,0.70774907
2004-10,0.7564821,0.66060084,0.84730786
2004-11,1.2978108,1.1353947,1.4572946
2004-12,0.44868934,0.25113234,0.64384276
2005-01,1.0631356,0.80861115,1.3156656
2005-02,0.4794216,0.22672398,0.7301102
2005-03,0.9982028,0.7094968,1.2851521
2005-04,1.1788518,0.99173135,1.3632504
2005-05,0.8236046,0.69074196,0.9526052
2005-06,0.9080245,0.7985251,1.0128044
2005-07,0.89875126,0.82059896,0.9701409
2005-08,0.74611485,0.672737,0.8122436
2005-09,1.1784052,1.1121454,1.2365348
2005-10,1.281644,1.1840715,1.3738887
2005-11,1.4554981,1.2964648,1.6113193
2005-12,0.93223965,0.74685425,1.1148771
2006-01,0.5902756,0.30441207,0.874242
2006-02,1.1778405,0.9343837,1.4190668
2006-03,0.9299881,0.65115136,1.2068796
2006-04,0.72967774,0.54636395,0.91001886
2006-05,0.849433,0.7034125,0.9917038
2006-06,1.1009182,0.9862789,1.2107414
2006-07,0.82576954,0.74848926,0.8957068
2006-08,0.8849827,0.80952567,0.95289975
2006-09,0.90752316,0.8410951,0.9652437
2006-10,1.1517947,1.0553443,1.2424679
2006-11,1.0516593,0.8949915,1.2048382
2006-12,1.642403,1.4321586,1.8500607
2007-01,2.1562479,1.8821944,2.4281895
2007-02,1.1539347,0.88619816,1.4195092
2007-03,1.1815399,0.8989815,1.4620504
2007-04,1.3259082,1.1370895,1.5116484
2007-05,0.964912,0.8256799,1.0999398
2007-06,0.8411025,0.73309493,0.9436332
2007-07,0.8385862,0.76128364,0.9080313
2007-08,1.0215554,0.94740355,1.0874752
2007-09,0.8274664,0.7622929,0.8830948
2007-10,1.0919333,0.99344116,1.1843865
2007-11,0.9894463,0.82864445,1.1466218
2007-12,1.0772386,0.8698044,1.2818745
2008-01,0.28337842,0.017928781,0.54650587
2008-02,0.59244794,0.33651826,0.8459683
2008-03,1.6993046,1.3988465,1.9977132
2008-04,0.8414878,0.65756816,1.0220398
2008-05,0.7254806,0.5812949,0.86534506
2008-06,0.7527275,0.63824654,0.8617157
2008-07,0.73122996,0.64810705,0.8066088
2008-08,0.70140195,0.62973905,0.7639169
2008-09,0.59044206,0.5225246,0.6486257
2008-10,1.0822189,0.98457223,1.1733639
2008-11,1.2231219,1.0640442,1.3782936
2008-12,0.8131591,0.6092027,1.0140839
2009-01,0.9490389,0.6776498,1.2180145
2009-02,1.0364755,0.77052605,1.2999618
2009-03,0.7074335,0.40242553,1.010296
2009-04,0.9366423,0.73691887,1.1330737
2009-05,0.66417855,0.5190137,0.8047797
2009-06,0.71483296,0.6001942,0.8236351
2009-07,0.6535946,0.5745469,0.7239109
2009-08,0.7462948,0.6697516,0.81378347
2009-09,1.1238579,1.05099,1.1871475
2009-10,0.8572675,0.753429,0.954624
2009-11,0.8230646,0.64695954,0.99542725
2009-12,0.49791655,0.2840987,0.7086627
2010-01,0.8886032,0.62372804,1.1508545
2010-02,0.9843499,0.69939876,1.2668636
2010-03,1.2780502,0.99142915,1.5622481
2010-04,1.251269,1.0509272,1.4481285
2010-05,1.08221,0.9353463,1.2242866
2010-06,1.1309437,1.0196104,1.2358813
2010-07,1.1755993,1.0942907,1.2479037
2010-08,1.1627553,1.0901153,1.2251525
2010-09,0.88651353,0.81734914,0.94482774
2010-10,1.160789,1.06426,1.2498659
2010-11,1.6893494,1.5220714,1.8524406
2010-12,0.57928705,0.37842843,0.7766725
2011-01,0.4881607,0.20609702,0.7676163
2011-02,0.5159515,0.23914218,0.7901027
2011-03,0.8155639,0.4978574,1.1309572
2011-04,1.2115211,1.0060056,1.4134423
2011-05,0.79929054,0.6514692,0.94207233
2011-06,1.0269774,0.90775144,1.1398946
2011-07,0.95349157,0.8602007,1.0385718
2011-08,0.9197865,0.83866554,0.99131334
2011-09,1.0128509,0.9382239,1.0769186
2011-10,1.2524136,1.1338221,1.364661
2011-11,0.77058065,0.58396333,0.95323205
2011-12,1.1485077,0.91568744,1.3781613
2012-01,0.6674089,0.37336066,0.95881265
2012-02,0.45992303,0.16843292,0.7487453
2012-03,0.82207614,0.47321063,1.1687156
2012-04,1.4643362,1.2546328,1.670315
2012-05,1.3182784,1.164535,1.4669018
2012-06,1.273558,1.1584432,1.3817395
2012-07,1.1290892,1.0403724,1.2086033
2012-08,0.9916488,0.9138423,1.058773
2012-09,1.0069399,0.93247104,1.0701652
2012-10,1.0082836,0.90368617,1.1051981
2012-11,1.0241922,0.84337926,1.200672
2012-12,0.11278541,-0.10486943,0.32685417
2013-01,0.9902406,0.68753815,1.2902316
2013-02,1.1904273,0.8515175,1.5269176
2013-03,0.82814425,0.5134763,1.1402047
2013-04,0.698374,0.4803935,0.9125732
2013-05,0.9718024,0.81166124,1.1267573
2013-06,0.98516965,0.86832243,1.0948012
2013-07,0.7630682,0.68095577,0.8345403
2013-08,0.905985,0.8263629,0.97458166
2013-09,0.7701085,0.694536,0.8339601
2013-10,0.9962246,0.881968,1.1030908
2013-11,1.4040912,1.2141411,1.5896897
2013-12,0.9820523,0.75078255,1.2097616
2014-01,1.153063,0.8039793,1.499671
2014-02,0.6091763,0.2838936,0.93180037
2014-03,1.380363,1.0364946,1.7217175
2014-04,1.3492872,1.1264527,1.5682226
2014-05,1.0138004,0.84786916,1.1744574
2014-06,0.96149623,0.83838767,1.0773981
2014-07,0.8275836,0.7344231,0.9109885
2014-08,0.9612452,0.87912536,1.0321054
2014-09,0.8137961,0.7312578,0.8851409
2014-10,0.98741156,0.86259323,1.1051278
2014-11,0.75040644,0.55746466,0.9388316
2014-12,1.3736523,1.1179477,1.6259663
2015-01,1.5852807,1.2437719,1.9241245
2015-02,1.48686,1.1381943,1.8329159
2015-03,1.5679827,1.2063125,1.9271373
2015-04,1.1419135,0.8990507,1.3810143
2015-05,1.2258209,1.0634993,1.382458
2015-06,1.2015269,1.0809213,1.3143657
2015-07,0.9098789,0.8188947,0.990284
2015-08,1.0690167,0.9879069,1.1380506
2015-09,1.2732795,1.179949,1.3563304
2015-10,1.2945317,1.1727304,1.4086477
2015-11,1.5071259,1.3022308,1.7075477
2015-12,2.169642,1.9232999,2.4122763
2016-01,1.6724536,1.3061463,2.03615
2016-02,2.6188936,2.2766213,2.95837
2016-03,2.4099166,2.0581849,2.7589285
2016-04,1.9561416,1.7173426,2.1909156
2016-05,1.2825061,1.1054908,1.4540529
2016-06,1.3615252,1.2321682,1.4832917
2016-07,1.1961169,1.1021934,1.2792765
2016-08,1.4005585,1.311732,1.4779149
2016-09,1.4698384,1.3853273,1.5421985
2016-10,0.9594612,0.8295748,1.0817901
2016-11,0.8567934,0.640183,1.0689584
2016-12,1.2613013,1.0076371,1.51118
2017-01,1.6736063,1.2647208,2.0800369
2017-02,2.0384772,1.6877778,2.3863118
2017-03,1.8665696,1.4808395,2.2496967
2017-04,1.4205265,1.1660843,1.6710049
2017-05,1.0230893,0.8382328,1.2024508
2017-06,1.0974338,0.9646921,1.2224095
2017-07,1.0994017,1.0013866,1.1866115
2017-08,1.1558228,1.0671561,1.2323757
2017-09,1.1185044,1.0334512,1.1908414
2017-10,1.100843,0.9683447,1.2255602
2017-11,1.1403289,0.9236545,1.3523345
2017-12,1.4926964,1.2316642,1.7498664
2018-01,1.1758208,0.8151379,1.5335821
2018-02,1.1852822,0.8160042,1.5517071
2018-03,1.3654844,0.98133177,1.7468952
2018-04,1.0841734,0.82919925,1.3349978
2018-05,1.1253977,0.93777096,1.3073448
2018-06,1.1037906,0.9591437,1.2409902
2018-07,1.2264273,1.1280292,1.3135086
2018-08,1.0426817,0.9514181,1.1216122
2018-09,0.98374605,0.89473623,1.0600593
2018-10,1.1483978,1.0219008,1.2663065
2018-11,0.77509207,0.5527217,0.99269164
2018-12,1.1318651,0.8732836,1.3863555
2019-01,1.4017735,1.0162095,1.7844752
2019-02,1.334349,0.891927,1.774279
2019-03,1.8689616,1.4539963,2.2812688
2019-04,1.4937215,1.1688896,1.8151507
2019-05,0.96530795,0.74893224,1.1765412
2019-06,1.3474863,1.1792614,1.5090432
2019-07,1.0452944,0.9411712,1.1382605
2019-08,1.1221478,1.0245047,1.2077936
2019-09,1.293244,1.2067114,1.3659691
2019-10,1.3109071,1.1657132,1.4483202
2019-11,1.0023624,0.77365094,1.2262148
2019-12,1.7973694,1.5180244,2.0727503
2020-01,2.3543959,1.961266,2.744588
2020-02,2.5669403,2.1471763,2.9839542
2020-03,2.2493386,1.815106,2.6809134
2020-04,1.3950392,1.0571384,1.7295175
2020-05,1.4002426,1.187405,1.6076038
2020-06,1.2258409,1.0680012,1.3762143
2020-07,1.0710775,0.9583837,1.1730512
2020-08,1.1739709,1.0710044,1.2650801
2020-09,1.2490714,1.1533285,1.3319294
2020-10,1.1678697,1.0238587,1.3036561
2020-11,1.791572,1.5532416,2.0250247
2020-12,1.174139,0.90725374,1.4366776
2021-01,1.3043776,0.8702451,1.7357303
2021-02,1.1779472,0.7930433,1.559713
2021-03,1.507344,1.06055,1.9514376
2021-04,1.1885891,0.8671273,1.5062869
2021-05,1.2149231,1.0030807,1.421009
2021-06,1.5100969,1.3480265,1.6645669
2021-07,1.3554131,1.2456068,1.4536557
2021-08,1.1560795,1.0465354,1.2540293
2021-09,1.1067258,1.0111759,1.1887257
2021-10,1.326707,1.1805073,1.4644334
2021-11,1.3444391,1.1199305,1.5635244
2021-12,1.3594388,1.076517,1.6380763
2022-01,1.4679353,1.0903356,1.8421931
2022-02,1.438476,1.0274718,1.846412
2022-03,1.5756438,1.1183515,2.0301805
2022-04,1.3632224,1.0165725,1.7062287
2022-05,1.1387744,0.9309257,1.340488
2022-06,1.4056773,1.2398496,1.5637473
2022-07,1.2259185,1.1139139,1.3260801
2022-08,1.3366414,1.231787,1.4287379
2022-09,1.214435,1.1202852,1.2941312
2022-10,1.4293835,1.2956976,1.5533159
2022-11,1.2046413,0.98166466,1.4219105
2022-12,0.9267131,0.64973277,1.1991197
2023-01,1.6325135,1.197981,2.0640185
2023-02,1.7526684,1.2983646,2.2040772
2023-03,2.0204945,1.565093,2.473008
2023-04,1.0193433,0.6805616,1.3542328
2023-05,1.2236066,1.0128254,1.4280735
2023-06,1.4503914,1.2858417,1.6067712
2023-07,1.6373818,1.5147269,1.7488372
2023-08,1.7425681,1.6261468,1.8471241
2023-09,1.9374664,1.8301735,2.031752
2023-10,2.1595783,2.0072591,2.3030326
2023-11,2.1829581,1.9432822,2.4171004
2023-12,2.0273454,1.7080343,2.342524
2024-01,1.8669434,1.4236623,2.3071303
2024-02,2.27629,1.8389411,2.7105024
2024-03,2.1789815,1.6843748,2.670817
2024-04,2.2949374,1.9635816,2.6221426
2024-05,1.515816,1.275468,1.7504085
2024-06,1.7679081,1.5859588,1.9421836
2024-07,1.6591862,1.5290926,1.7783116
2024-08,1.6527613,1.5379108,1.7550216
2024-09,1.7456377,1.6309367,1.8477296
2024-10,1.8817856,1.7265061,2.0279987
2024-11,2.2344213,1.9439017,2.5201976
2024-12,2.1350493,1.7417952,2.5248127
2025-01,2.3538847,1.9177798,2.786713
2025-02,1.6827725,1.1694227,2.1933415
