station,date,nitrate,unit,qc_complete,distance_km
S1,2022-01-01,2.8372741590058244,mg/L,1,0
S1,2022-01-01,2.9791378669561155,mg/L,1,0
S1,2022-02-01,2221.177221488118,ug/L,1,0
S1,2022-03-01,1.7788046996770916,mg/L,1,0
S1,2022-04-01,2420.971930403385,ug/L,1,0
S1,2022-05-01,55.0,mg/L,1,0
S1,2022-06-01,3004.096212465981,ug/L,1,0
S1,2022-07-01,2.428838260628858,mg/L,1,0
S1,2022-07-01,2.5502801736603007,mg/L,1,0
S1,2022-08-01,2260.143260903872,ug/L,0,0
S1,2022-09-01,2.4348663491579106,mg/L,1,0
S1,2022-10-01,2379.3631651728647,ug/L,1,0
S1,2022-11-01,2.065210710893615,mg/L,1,0
S1,2022-12-01,2653.5705997803775,ug/L,1,0
S1,2023-01-01,2.4753240134234153,mg/L,1,0
S1,2023-01-01,2.5990902140945864,mg/L,1,0
S1,2023-02-01,2777.8069597723397,ug/L,1,0
S1,2023-03-01,2.593564923713425,mg/L,1,0
S1,2023-04-01,2583.230652897068,ug/L,1,0
S1,2023-05-01,2.227450319343249,mg/L,1,0
S1,2023-06-01,2236.6192115537315,ug/L,1,0
S1,2023-07-01,2.4263944223512617,mg/L,1,0
S1,2023-07-01,2.547714143468825,mg/L,1,0
S1,2023-08-01,2607.2528783128714,ug/L,1,0
S1,2023-09-01,2.4035692198930203,mg/L,1,0
S1,2023-10-01,2057.2883348913488,ug/L,1,0
S1,2023-11-01,1.7971028549234591,mg/L,1,0
S1,2023-12-01,2712.1151958811433,ug/L,1,0
S2,2022-01-01,2.366210301359244,mg/L,1,2
S2,2022-01-01,2.484520816427206,mg/L,1,2
S2,2022-02-01,2765.5352385890924,ug/L,1,2
S2,2022-03-01,2.197379656580732,mg/L,1,2
S2,2022-04-01,2861.5972354398104,ug/L,1,2
S2,2022-05-01,55.0,mg/L,1,2
S2,2022-06-01,2966.441160269565,ug/L,1,2
S2,2022-07-01,3.160412523779611,mg/L,1,2
S2,2022-07-01,3.3184331499685915,mg/L,1,2
S2,2022-08-01,2991.143861074609,ug/L,0,2
S2,2022-09-01,2.961606115928392,mg/L,1,2
S2,2022-10-01,2711.6309474272343,ug/L,1,2
S2,2022-11-01,2.9753880810815456,mg/L,1,2
S2,2022-12-01,2997.87869233995,ug/L,1,2
S2,2023-01-01,2.7482818341128588,mg/L,1,2
S2,2023-01-01,2.885695925818502,mg/L,1,2
S2,2023-02-01,2428.491976285042,ug/L,1,2
S2,2023-03-01,2.8236357461947397,mg/L,1,2
S2,2023-04-01,2670.4326085838543,ug/L,1,2
S2,2023-05-01,3.066635255181125,mg/L,1,2
S2,2023-06-01,2606.916667408318,ug/L,1,2
S2,2023-07-01,2.396192360438301,mg/L,1,2
S2,2023-07-01,2.516001978460216,mg/L,1,2
S2,2023-08-01,2397.049662224609,ug/L,1,2
S2,2023-09-01,2.903334071217657,mg/L,1,2
S2,2023-10-01,3113.8014786153976,ug/L,1,2
S2,2023-11-01,3.3368039665866895,mg/L,1,2
S2,2023-12-01,2973.596159792019,ug/L,1,2
S3,2022-01-01,3.184865973395721,mg/L,1,4
S3,2022-01-01,3.3441092720655075,mg/L,1,4
S3,2022-02-01,3343.4383373299065,ug/L,1,4
S3,2022-03-01,3.258228436418513,mg/L,1,4
S3,2022-04-01,3328.969660747746,ug/L,1,4
S3,2022-05-01,55.0,mg/L,1,4
S3,2022-06-01,3367.9884852753175,ug/L,1,4
S3,2022-07-01,3.537828026948017,mg/L,1,4
S3,2022-07-01,3.714719428295418,mg/L,1,4
S3,2022-08-01,3054.0095014177396,ug/L,0,4
S3,2022-09-01,2.5537693597299,mg/L,1,4
S3,2022-10-01,3194.3425094693926,ug/L,1,4
S3,2022-11-01,2.8737448748349643,mg/L,1,4
S3,2022-12-01,2872.6263288528025,ug/L,1,4
S3,2023-01-01,2.7947635320347097,mg/L,1,4
S3,2023-01-01,2.9345017086364455,mg/L,1,4
S3,2023-02-01,3690.386929458661,ug/L,1,4
S3,2023-03-01,2.6205725609758908,mg/L,1,4
S3,2023-04-01,3582.688984290532,ug/L,1,4
S3,2023-05-01,3.18961686792272,mg/L,1,4
S3,2023-06-01,3088.892109088652,ug/L,1,4
S3,2023-07-01,3.4027816196331586,mg/L,1,4
S3,2023-07-01,3.5729207006148167,mg/L,1,4
S3,2023-08-01,3250.0125935991787,ug/L,1,4
S3,2023-09-01,3.296548688862665,mg/L,1,4
S3,2023-10-01,3042.3714994579714,ug/L,1,4
S3,2023-11-01,3.037450853259224,mg/L,1,4
S3,2023-12-01,3009.9587462028717,ug/L,1,4
S4,2022-01-01,6.915280990761533,mg/L,1,6
S4,2022-01-01,7.26104504029961,mg/L,1,6
S4,2022-02-01,7237.857715811148,ug/L,1,6
S4,2022-03-01,7.072470776510096,mg/L,1,6
S4,2022-04-01,6252.721240198279,ug/L,1,6
S4,2022-05-01,55.0,mg/L,1,6
S4,2022-06-01,6401.626736287145,ug/L,1,6
S4,2022-07-01,5.953912375310557,mg/L,1,6
S4,2022-07-01,6.2516079940760845,mg/L,1,6
S4,2022-08-01,6103.01603653606,ug/L,0,6
S4,2022-09-01,6.74694443618267,mg/L,1,6
S4,2022-10-01,6588.341961735556,ug/L,1,6
S4,2022-11-01,6.601788734216153,mg/L,1,6
S4,2022-12-01,6605.8331296903,ug/L,1,6
S4,2023-01-01,6.392951610918534,mg/L,1,6
S4,2023-01-01,6.71259919146446,mg/L,1,6
S4,2023-02-01,6402.191660362023,ug/L,1,6
S4,2023-03-01,6.101227096981339,mg/L,1,6
S4,2023-04-01,6245.457587226641,ug/L,1,6
S4,2023-05-01,6.466709083894247,mg/L,1,6
S4,2023-06-01,6868.207596400394,ug/L,1,6
S4,2023-07-01,7.624201924595809,mg/L,1,6
S4,2023-07-01,8.0054120208256,mg/L,1,6
S4,2023-08-01,6551.754395372959,ug/L,1,6
S4,2023-09-01,6.3717963467907115,mg/L,1,6
S4,2023-10-01,6281.106685417966,ug/L,1,6
S4,2023-11-01,6.258616265470958,mg/L,1,6
S4,2023-12-01,6292.144102975426,ug/L,1,6
S5,2022-01-01,7.478581719431743,mg/L,1,8
S5,2022-01-01,7.85251080540333,mg/L,1,8
S5,2022-02-01,7037.748382480096,ug/L,1,8
S5,2022-03-01,7.019169760730392,mg/L,1,8
S5,2022-04-01,6862.313026485134,ug/L,1,8
S5,2022-05-01,55.0,mg/L,1,8
S5,2022-06-01,6786.966505873475,ug/L,1,8
S5,2022-07-01,6.724687393523149,mg/L,1,8
S5,2022-07-01,7.060921763199306,mg/L,1,8
S5,2022-08-01,7468.536153964121,ug/L,0,8
S5,2022-09-01,6.786907202551316,mg/L,1,8
S5,2022-10-01,6962.149954580751,ug/L,1,8
S5,2022-11-01,7.1337992545937166,mg/L,1,8
S5,2022-12-01,7169.437576680149,ug/L,1,8
S5,2023-01-01,6.901020435695346,mg/L,1,8
S5,2023-01-01,7.246071457480114,mg/L,1,8
S5,2023-02-01,7137.519523812371,ug/L,1,8
S5,2023-03-01,6.716568520162985,mg/L,1,8
S5,2023-04-01,6995.202421679361,ug/L,1,8
S5,2023-05-01,7.257328675727353,mg/L,1,8
S5,2023-06-01,6860.734213106593,ug/L,1,8
S5,2023-07-01,7.244699404325068,mg/L,1,8
S5,2023-07-01,7.606934374541322,mg/L,1,8
S5,2023-08-01,7070.458493811596,ug/L,1,8
S5,2023-09-01,7.03915576484408,mg/L,1,8
S5,2023-10-01,7514.412665486072,ug/L,1,8
S5,2023-11-01,6.992498784068988,mg/L,1,8
S5,2023-12-01,6483.355820265108,ug/L,1,8
S6,2022-01-01,7.547544932087963,mg/L,1,10
S6,2022-01-01,7.924922178692361,mg/L,1,10
S6,2022-02-01,7014.982304371666,ug/L,1,10
S6,2022-03-01,8.002641594409589,mg/L,1,10
S6,2022-04-01,7271.592998962739,ug/L,1,10
S6,2022-05-01,55.0,mg/L,1,10
S6,2022-06-01,7757.538282035907,ug/L,1,10
S6,2022-07-01,7.337998128425453,mg/L,1,10
S6,2022-07-01,7.704898034846726,mg/L,1,10
S6,2022-08-01,7351.02900588225,ug/L,0,10
S6,2022-09-01,7.249207015154926,mg/L,1,10
S6,2022-10-01,7445.274424839516,ug/L,1,10
S6,2022-11-01,7.42006406868818,mg/L,1,10
S6,2022-12-01,7632.9526534478055,ug/L,1,10
S6,2023-01-01,7.785300927171723,mg/L,1,10
S6,2023-01-01,8.17456597353031,mg/L,1,10
S6,2023-02-01,6955.545991288561,ug/L,1,10
S6,2023-03-01,7.352102171271667,mg/L,1,10
S6,2023-04-01,7011.25926648569,ug/L,1,10
S6,2023-05-01,7.3195472503490855,mg/L,1,10
S6,2023-06-01,7991.752982052404,ug/L,1,10
S6,2023-07-01,7.979941103065225,mg/L,1,10
S6,2023-07-01,8.378938158218487,mg/L,1,10
S6,2023-08-01,7406.94633348305,ug/L,1,10
S6,2023-09-01,6.932626962457347,mg/L,1,10
S6,2023-10-01,8011.318381488292,ug/L,1,10
S6,2023-11-01,7.629710036429835,mg/L,1,10
S6,2023-12-01,7662.429434784568,ug/L,1,10
