profile,depth,depth_unit,temperature,temperature_unit,QA
P1,0,m,22.88824549930636,C,1.0
P1,5,m,21.942430260811026,C,0.0
P1,10,m,21.848150611851814,C,0.0
P1,15,m,20.977421722960134,C,0.0
P1,20,m,20.1069255504905,C,0.0
P1,25,m,19.276367683334477,C,0.0
P1,30,m,18.72233152715508,C,0.0
P1,35,m,18.359616833145612,C,0.0
P1,40,m,17.80022229695521,C,0.0
P1,45,m,16.914814874923092,C,0.0
P1,50,m,16.834940078351874,C,0.0
P1,55,m,16.070663666216696,C,0.0
P1,60,m,15.34315141624716,C,0.0
P1,65,m,14.746172159900514,C,0.0
P1,70,m,14.327206057862055,C,0.0
P1,75,m,14.336487797335922,C,0.0
P1,80,m,13.636827036666775,C,0.0
P1,85,m,12.834237662530379,C,0.0
P1,90,m,12.8639303494468,C,0.0
P1,95,m,12.435724857327118,C,1.0
P1,100,m,12.322522863176724,C,0.0
P1,105,m,11.821852533948318,C,0.0
P1,110,m,11.808820072292137,C,0.0
P1,115,m,11.37961181064804,C,
P1,120,m,11.014136973746842,C,0.0
P1,125,m,10.924674339605433,C,0.0
P1,130,m,10.538171702489299,C,0.0
P1,135,m,10.12086189591059,C,0.0
P1,140,m,9.900118899440859,C,0.0
P1,145,m,9.519502905353873,C,0.0
P1,150,m,9.825898432911712,C,0.0
P1,155,m,9.725178656805861,C,0.0
P1,160,m,9.141933079344003,C,0.0
P1,165,m,9.06027485180274,C,0.0
P1,170,m,8.74684096626819,C,0.0
P1,175,m,9.138789533390018,C,0.0
P1,180,m,8.597459482969334,C,0.0
P1,185,m,8.213024818132675,C,0.0
P1,190,m,8.181301306695202,C,1.0
P1,195,m,7.979979368557242,C,0.0
P1,200,m,8.16262070614635,C,0.0
P1,205,m,7.690707529996512,C,0.0
P1,210,m,8.181343466386673,C,0.0
P1,215,m,7.70205809140393,C,0.0
P1,220,m,7.833657511146263,C,0.0
P1,225,m,6.979206982686844,C,0.0
P1,230,m,7.425032550099527,C,
P1,235,m,7.05511420428,C,0.0
P1,240,m,7.17304513019253,C,0.0
P1,245,m,7.120635960951916,C,0.0
P1,250,m,6.8374253515025085,C,0.0
P1,255,m,6.53529501715079,C,0.0
P1,260,m,6.554611132798152,C,0.0
P1,265,m,6.240964174582566,C,0.0
P1,270,m,6.354458308420969,C,0.0
P1,275,m,6.092537300423844,C,0.0
P1,280,m,6.139989069379656,C,0.0
P1,285,m,6.3618981354120345,C,1.0
P1,290,m,5.993265588279088,C,0.0
P1,295,m,6.584106658466499,C,0.0
P1,300,m,6.276253733443162,C,0.0
P1,305,m,6.293771071529088,C,0.0
P1,310,m,6.190496678179264,C,0.0
P1,315,m,6.160694628678359,C,0.0
P1,320,m,6.159131678341028,C,0.0
P1,325,m,5.919412897289035,C,0.0
P1,330,m,6.199061648173851,C,0.0
P1,335,m,6.146779355534585,C,0.0
P1,340,m,5.789570981596571,C,0.0
P1,345,m,5.665338329445565,C,
P1,350,m,6.011220121866246,C,0.0
P1,355,m,5.925397141570637,C,0.0
P1,360,m,5.522047963913503,C,0.0
P1,365,m,5.163129968826313,C,0.0
P1,370,m,5.629226863557131,C,0.0
P1,375,m,6.201379589562173,C,0.0
P1,380,m,5.727289792688269,C,1.0
P1,385,m,5.399402948536087,C,0.0
P1,390,m,5.2060795810226885,C,0.0
P1,395,m,5.4013541260588465,C,0.0
P1,400,m,5.838619151786586,C,0.0
P1,405,m,5.41382645617121,C,0.0
P1,410,m,5.657628357613842,C,0.0
P1,415,m,5.2002250837808255,C,0.0
P1,420,m,5.356892804203659,C,0.0
P1,425,m,5.081110325529407,C,0.0
P1,430,m,5.5744915718843115,C,0.0
P1,435,m,6.044476483217407,C,0.0
P1,440,m,5.152434473304245,C,0.0
P1,445,m,6.094257167776236,C,0.0
P1,450,m,5.549271325942886,C,0.0
P1,455,m,5.958565087376415,C,0.0
P1,460,m,5.268046147674781,C,
P1,465,m,5.317889275246396,C,0.0
P1,470,m,5.428865348727483,C,0.0
P1,475,m,5.238419228912773,C,1.0
P1,480,m,5.081917609577684,C,0.0
P1,485,m,5.313690097553456,C,0.0
P1,490,m,5.309372340987401,C,0.0
P1,495,m,5.447749310013633,C,0.0
P1,500,m,5.1988775952346655,C,0.0
P1,505,m,5.265083337941719,C,0.0
P1,510,m,4.990182178651601,C,0.0
P1,515,m,5.420905899294071,C,0.0
P1,520,m,5.2005478769531726,C,0.0
P1,525,m,5.016995860129396,C,0.0
P1,530,m,5.068291136047781,C,0.0
P1,535,m,5.265526695478976,C,0.0
P1,540,m,4.972632227120807,C,0.0
P1,545,m,5.3439008746726095,C,0.0
P1,550,m,5.420541084473869,C,0.0
P1,555,m,5.289904072258543,C,0.0
P1,560,m,5.059172033445898,C,0.0
P2,0,cm,22.76116366981517,C,1.0
P2,500,cm,22.222230843241917,C,0.0
P2,1000,cm,21.286617188640772,C,0.0
P2,1500,cm,20.494344380308764,C,0.0
P2,2000,cm,20.098383317253372,C,0.0
P2,2500,cm,18.9993922041587,C,0.0
P2,3000,cm,18.664393554684345,C,0.0
P2,3500,cm,18.297015310970945,C,0.0
P2,4000,cm,17.483331694613362,C,0.0
P2,4500,cm,16.79783199566146,C,0.0
P2,5000,cm,16.44158177787449,C,0.0
P2,5500,cm,16.142877445391846,C,0.0
P2,6000,cm,15.281903469673892,C,0.0
P2,6500,cm,14.955995715814916,C,0.0
P2,7000,cm,14.978669032811498,C,0.0
P2,7500,cm,14.156650127629705,C,0.0
P2,8000,cm,13.797690639695297,C,0.0
P2,8500,cm,13.59103087733229,C,0.0
P2,9000,cm,12.839410423441569,C,0.0
P2,9500,cm,12.306659203112462,C,1.0
P2,10000,cm,12.269770219012688,C,0.0
P2,10500,cm,11.996465867954756,C,0.0
P2,11000,cm,11.701154131146216,C,0.0
P2,11500,cm,11.605514883145089,C,
P2,12000,cm,11.154726941539954,C,0.0
P2,12500,cm,10.495044486932175,C,0.0
P2,13000,cm,10.437516122939488,C,0.0
P2,13500,cm,10.261615508672309,C,0.0
P2,14000,cm,10.021426254327542,C,0.0
P2,14500,cm,10.185429795200253,C,0.0
P2,15000,cm,9.943087389147228,C,0.0
P2,15500,cm,9.41305075981258,C,0.0
P2,16000,cm,9.076539057073592,C,0.0
P2,16500,cm,8.877311647519106,C,0.0
P2,17000,cm,9.178821066126574,C,0.0
P2,17500,cm,8.905993707879613,C,0.0
P2,18000,cm,8.08071692717317,C,0.0
P2,18500,cm,7.872515956280136,C,0.0
P2,19000,cm,7.998363135110424,C,1.0
P2,19500,cm,8.125455933748354,C,0.0
P2,20000,cm,7.7026783315253065,C,0.0
P2,20500,cm,7.72306115926319,C,0.0
P2,21000,cm,7.520545420506019,C,0.0
P2,21500,cm,7.532988382216976,C,0.0
P2,22000,cm,7.247150556979256,C,0.0
P2,22500,cm,7.340707817435776,C,0.0
P2,23000,cm,7.196230457719683,C,
P2,23500,cm,7.011868039259432,C,0.0
P2,24000,cm,6.731153998914902,C,0.0
P2,24500,cm,6.794015924541617,C,0.0
P2,25000,cm,7.147094417286235,C,0.0
P2,25500,cm,6.766589137878767,C,0.0
P2,26000,cm,6.692612903385042,C,0.0
P2,26500,cm,6.464561132201851,C,0.0
P2,27000,cm,6.259042593070858,C,0.0
P2,27500,cm,6.4346636271046185,C,0.0
P2,28000,cm,6.001837991676706,C,0.0
P2,28500,cm,6.482648035508871,C,1.0
P2,29000,cm,6.300417731253279,C,0.0
P2,29500,cm,6.1822311776742245,C,0.0
P2,30000,cm,6.3794325735647925,C,0.0
P2,30500,cm,5.94226131263888,C,0.0
P2,31000,cm,6.382305410693338,C,0.0
P2,31500,cm,6.264971781612635,C,0.0
P2,32000,cm,6.026836428599644,C,0.0
P2,32500,cm,5.71698293887924,C,0.0
P2,33000,cm,6.480566168317363,C,0.0
P2,33500,cm,5.87688552889853,C,0.0
P2,34000,cm,5.6107587117544915,C,0.0
P2,34500,cm,5.614184318524046,C,
P2,35000,cm,5.502268625187361,C,0.0
P2,35500,cm,5.834509920050759,C,0.0
P2,36000,cm,5.531951959400121,C,0.0
P2,36500,cm,5.8824688083722,C,0.0
P2,37000,cm,5.693405976674831,C,0.0
P2,37500,cm,5.600905832469364,C,0.0
P2,38000,cm,5.387437395935109,C,1.0
P2,38500,cm,5.593199177710519,C,0.0
P2,39000,cm,5.9438217074483335,C,0.0
P2,39500,cm,5.431683615217285,C,0.0
P2,40000,cm,5.056144224003024,C,0.0
P2,40500,cm,5.471810220715024,C,0.0
P2,41000,cm,5.455934811252568,C,0.0
P2,41500,cm,5.366162141961944,C,0.0
P2,42000,cm,5.5500219724646005,C,0.0
P2,42500,cm,5.038431213944898,C,0.0
P2,43000,cm,5.757447172556054,C,0.0
P2,43500,cm,4.984936277857573,C,0.0
P2,44000,cm,5.132393287655185,C,0.0
P2,44500,cm,5.356802757101792,C,0.0
P2,45000,cm,5.448364934953116,C,0.0
P2,45500,cm,5.254188017785037,C,0.0
P2,46000,cm,5.215120699789053,C,
P2,46500,cm,5.3483712681512054,C,0.0
P2,47000,cm,5.736037788055985,C,0.0
P2,47500,cm,4.885035550328598,C,1.0
P2,48000,cm,5.128735532284232,C,0.0
P2,48500,cm,5.2046174432180194,C,0.0
P2,49000,cm,5.270111282362591,C,0.0
P2,49500,cm,5.102026093188012,C,0.0
P2,50000,cm,4.786356450549336,C,0.0
P2,50500,cm,4.58041158539884,C,0.0
P2,51000,cm,5.122804487662948,C,0.0
P2,51500,cm,4.917719899907072,C,0.0
P2,52000,cm,5.405706413634917,C,0.0
P2,52500,cm,4.891942893118696,C,0.0
P2,53000,cm,5.153316922501618,C,0.0
P2,53500,cm,5.255119941307841,C,0.0
P2,54000,cm,5.44865773721859,C,0.0
P2,54500,cm,4.899435337776189,C,0.0
P2,55000,cm,5.331994291920616,C,0.0
P2,55500,cm,5.710704211181522,C,0.0
P2,56000,cm,5.214336890148468,C,0.0
P3,0,m,296.0675143973132,K,1.0
P3,5,m,295.41637688573223,K,0.0
P3,10,m,295.0471047826158,K,0.0
P3,15,m,293.57378772592494,K,0.0
P3,20,m,292.749204235492,K,0.0
P3,25,m,292.38730430824893,K,0.0
P3,30,m,291.6122426930652,K,0.0
P3,35,m,291.5480211486508,K,0.0
P3,40,m,290.70752251587174,K,0.0
P3,45,m,290.0428134448377,K,0.0
P3,50,m,289.5162279590113,K,0.0
P3,55,m,289.16565654674633,K,0.0
P3,60,m,288.7237163654755,K,0.0
P3,65,m,287.79692739908927,K,0.0
P3,70,m,287.6110925410555,K,0.0
P3,75,m,287.008312178769,K,0.0
P3,80,m,286.68272026843863,K,0.0
P3,85,m,286.4005752920679,K,0.0
P3,90,m,285.51224805704095,K,0.0
P3,95,m,285.8306008895825,K,1.0
P3,100,m,285.00766532022044,K,0.0
P3,105,m,285.4723533646129,K,0.0
P3,110,m,285.1625932559388,K,0.0
P3,115,m,284.56482612216627,K,
P3,120,m,284.0733341302452,K,0.0
P3,125,m,283.81807776986483,K,0.0
P3,130,m,283.4448883800967,K,0.0
P3,135,m,283.82901282922427,K,0.0
P3,140,m,283.5379664478335,K,0.0
P3,145,m,283.2476507772001,K,0.0
P3,150,m,282.8715391122679,K,0.0
P3,155,m,282.93939505888903,K,0.0
P3,160,m,282.37593337237234,K,0.0
P3,165,m,282.17413666812234,K,0.0
P3,170,m,281.69878141003085,K,0.0
P3,175,m,281.8436796527858,K,0.0
P3,180,m,281.7439172764577,K,0.0
P3,185,m,281.45117863685977,K,0.0
P3,190,m,281.50445758236765,K,1.0
P3,195,m,281.14923978795827,K,0.0
P3,200,m,281.1101869959647,K,0.0
P3,205,m,280.87390759535043,K,0.0
P3,210,m,280.37321431841673,K,0.0
P3,215,m,281.0907585215587,K,0.0
P3,220,m,280.57415973876186,K,0.0
P3,225,m,280.5674153733282,K,0.0
P3,230,m,280.92935802411205,K,
P3,235,m,279.7971529370378,K,0.0
P3,240,m,280.7127841830801,K,0.0
P3,245,m,280.4247982000994,K,0.0
P3,250,m,279.94848222807076,K,0.0
P3,255,m,280.012823610786,K,0.0
P3,260,m,279.6575834372326,K,0.0
P3,265,m,279.9105573038179,K,0.0
P3,270,m,279.18653276694954,K,0.0
P3,275,m,279.52443712794684,K,0.0
P3,280,m,279.65039906538465,K,0.0
P3,285,m,279.3269492122738,K,1.0
P3,290,m,278.97187948566284,K,0.0
P3,295,m,279.527223291487,K,0.0
P3,300,m,279.9076788704819,K,0.0
P3,305,m,279.57382101587547,K,0.0
P3,310,m,278.76285680642843,K,0.0
P3,315,m,279.15071916001585,K,0.0
P3,320,m,278.98366943411304,K,0.0
P3,325,m,278.8812544599671,K,0.0
P3,330,m,279.1935530593128,K,0.0
P3,335,m,278.54297416665065,K,0.0
P3,340,m,279.0505834307086,K,0.0
P3,345,m,279.1614502002269,K,
P3,350,m,279.2814796285891,K,0.0
P3,355,m,278.599077737347,K,0.0
P3,360,m,278.4842840210637,K,0.0
P3,365,m,278.53997530872755,K,0.0
P3,370,m,278.3306541892081,K,0.0
P3,375,m,278.8885651871091,K,0.0
P3,380,m,279.08168112606086,K,1.0
P3,385,m,278.9422663750871,K,0.0
P3,390,m,278.5127903237647,K,0.0
P3,395,m,278.49203663098695,K,0.0
P3,400,m,278.3078726807927,K,0.0
P3,405,m,278.78021405579324,K,0.0
P3,410,m,278.5200588637017,K,0.0
P3,415,m,278.75550702440796,K,0.0
P3,420,m,279.17929743097966,K,0.0
P3,425,m,278.0733138043923,K,0.0
P3,430,m,278.2951918359433,K,0.0
P3,435,m,278.9023624900684,K,0.0
P3,440,m,278.51477095759316,K,0.0
P3,445,m,279.13415808718736,K,0.0
P3,450,m,278.0420628574115,K,0.0
P3,455,m,278.2548629777043,K,0.0
P3,460,m,278.4336383036704,K,
P3,465,m,278.29391946250456,K,0.0
P3,470,m,278.34333836896406,K,0.0
P3,475,m,278.57590142388455,K,1.0
P3,480,m,277.723525972446,K,0.0
P3,485,m,277.92015293806804,K,0.0
P3,490,m,278.7759443877663,K,0.0
P3,495,m,278.0867562891719,K,0.0
P3,500,m,278.2914546078448,K,0.0
P3,505,m,278.59798611745765,K,0.0
P3,510,m,278.6014072226077,K,0.0
P3,515,m,278.4070311665134,K,0.0
P3,520,m,278.3507943088005,K,0.0
P3,525,m,278.54469709710105,K,0.0
P3,530,m,278.39920096201297,K,0.0
P3,535,m,278.0792040224016,K,0.0
P3,540,m,278.5500423933815,K,0.0
P3,545,m,278.34432907296537,K,0.0
P3,550,m,278.56310864633394,K,0.0
P3,555,m,278.26739954599685,K,0.0
P3,560,m,278.4328433555203,K,0.0
P4,0,cm,296.0833524025726,K,1.0
P4,500,cm,295.6112966956482,K,0.0
P4,1000,cm,295.02323161613816,K,0.0
P4,1500,cm,293.7260513964556,K,0.0
P4,2000,cm,293.20448526433785,K,0.0
P4,2500,cm,292.8537395107603,K,0.0
P4,3000,cm,291.90548394711715,K,0.0
P4,3500,cm,290.93313337586136,K,0.0
P4,4000,cm,290.568102146737,K,0.0
P4,4500,cm,290.6371296589797,K,0.0
P4,5000,cm,289.290287217879,K,0.0
P4,5500,cm,289.0035352155709,K,0.0
P4,6000,cm,288.3949353987974,K,0.0
P4,6500,cm,288.8265171609871,K,0.0
P4,7000,cm,287.39717250247753,K,0.0
P4,7500,cm,286.91263007657636,K,0.0
P4,8000,cm,287.1159478434038,K,0.0
P4,8500,cm,286.6792858412401,K,0.0
P4,9000,cm,285.69051213228886,K,0.0
P4,9500,cm,285.8375733020646,K,1.0
P4,10000,cm,285.6815259149706,K,0.0
P4,10500,cm,285.0637586040857,K,0.0
P4,11000,cm,284.6348014235198,K,0.0
P4,11500,cm,284.66937122096186,K,
P4,12000,cm,284.1015878860852,K,0.0
P4,12500,cm,284.10130204962593,K,0.0
P4,13000,cm,283.3248002089376,K,0.0
P4,13500,cm,283.52119956510035,K,0.0
P4,14000,cm,283.3723241604776,K,0.0
P4,14500,cm,283.63484565568933,K,0.0
P4,15000,cm,282.67954492331086,K,0.0
P4,15500,cm,282.6513927072663,K,0.0
P4,16000,cm,282.2908816996172,K,0.0
P4,16500,cm,282.2964308635222,K,0.0
P4,17000,cm,281.76957673183637,K,0.0
P4,17500,cm,281.479261229371,K,0.0
P4,18000,cm,281.81870417508503,K,0.0
P4,18500,cm,281.8486443804072,K,0.0
P4,19000,cm,281.27450630052743,K,1.0
P4,19500,cm,281.02509625541813,K,0.0
P4,20000,cm,280.74120026163814,K,0.0
P4,20500,cm,280.57014066609884,K,0.0
P4,21000,cm,280.9359436507881,K,0.0
P4,21500,cm,280.9279186960223,K,0.0
P4,22000,cm,280.3054508724505,K,0.0
P4,22500,cm,280.38442450892416,K,0.0
P4,23000,cm,280.0180342345129,K,
P4,23500,cm,280.8375689719354,K,0.0
P4,24000,cm,280.1749527302179,K,0.0
P4,24500,cm,280.0340458762555,K,0.0
P4,25000,cm,279.84146743492767,K,0.0
P4,25500,cm,279.79885928743363,K,0.0
P4,26000,cm,279.4628439092089,K,0.0
P4,26500,cm,279.5532326816343,K,0.0
P4,27000,cm,279.67696463735354,K,0.0
P4,27500,cm,279.6938468038299,K,0.0
P4,28000,cm,279.30082624902326,K,0.0
P4,28500,cm,279.2903051821111,K,1.0
P4,29000,cm,279.2302872828133,K,0.0
P4,29500,cm,279.25727399964194,K,0.0
P4,30000,cm,279.3761681346219,K,0.0
P4,30500,cm,279.30880297549646,K,0.0
P4,31000,cm,279.09728885924176,K,0.0
P4,31500,cm,278.97641514000054,K,0.0
P4,32000,cm,278.6462775273024,K,0.0
P4,32500,cm,279.04076036438494,K,0.0
P4,33000,cm,278.8499849067338,K,0.0
P4,33500,cm,279.33698664311197,K,0.0
P4,34000,cm,278.95805604939653,K,0.0
P4,34500,cm,279.15038893180355,K,
P4,35000,cm,279.01553122291693,K,0.0
P4,35500,cm,278.74775853599164,K,0.0
P4,36000,cm,279.1615089315259,K,0.0
P4,36500,cm,278.6019189351767,K,0.0
P4,37000,cm,278.5705092393574,K,0.0
P4,37500,cm,278.9674904651181,K,0.0
P4,38000,cm,279.12907773134907,K,1.0
P4,38500,cm,278.6901071734573,K,0.0
P4,39000,cm,278.62702253034377,K,0.0
P4,39500,cm,278.8691793216464,K,0.0
P4,40000,cm,278.8316745360458,K,0.0
P4,40500,cm,278.58017939734714,K,0.0
P4,41000,cm,278.80829929519854,K,0.0
P4,41500,cm,278.60040492874737,K,0.0
P4,42000,cm,278.3856131756966,K,0.0
P4,42500,cm,277.9997906883926,K,0.0
P4,43000,cm,278.64259771358246,K,0.0
P4,43500,cm,278.69729114957255,K,0.0
P4,44000,cm,278.69773141937355,K,0.0
P4,44500,cm,279.0835319386351,K,0.0
P4,45000,cm,278.495454296497,K,0.0
P4,45500,cm,278.4202085056275,K,0.0
P4,46000,cm,278.17691972838946,K,
P4,46500,cm,278.5406397932421,K,0.0
P4,47000,cm,278.406023114267,K,0.0
P4,47500,cm,278.42425300312595,K,1.0
P4,48000,cm,278.0361843785176,K,0.0
P4,48500,cm,278.35054927688265,K,0.0
P4,49000,cm,278.47190489310475,K,0.0
P4,49500,cm,278.19619242439427,K,0.0
P4,50000,cm,278.32626733159617,K,0.0
P4,50500,cm,278.29380084472035,K,0.0
P4,51000,cm,278.2663204859645,K,0.0
P4,51500,cm,278.4419642829282,K,0.0
P4,52000,cm,278.121497993571,K,0.0
P4,52500,cm,278.3233311728719,K,0.0
P4,53000,cm,278.2967525447139,K,0.0
P4,53500,cm,278.10551358726804,K,0.0
P4,54000,cm,278.1685617019829,K,0.0
P4,54500,cm,278.0799793674916,K,0.0
P4,55000,cm,278.3517628018301,K,0.0
P4,55500,cm,278.45169538378326,K,0.0
P4,56000,cm,278.1441803886503,K,0.0
