event_id,time,longitude,latitude,magnitude
E0000,2013-01-01 00:00:00.000000000,-119.69547707216489,35.29109963509873,2.09
E0001,2013-01-10 12:18:45.450901803,-119.81648711620323,35.323406407672174,2.51
E0002,2013-01-20 00:37:30.901803607,-119.99890213176063,35.17604517593474,1.31
E0003,2013-01-29 12:56:16.352705411,-119.67551019788145,35.20769891267748,2.13
E0004,2013-02-08 01:15:01.803607214,-119.79040284305415,35.20704117954804,2.29
E0005,2013-02-17 13:33:47.254509018,-119.63639186948107,35.217264614418156,2.16
E0006,2013-02-27 01:52:32.705410822,-119.78562595274317,35.00089932101263,3.64
E0007,2013-03-08 14:11:18.156312625,-119.88020248778864,35.374418349212675,1.81
E0008,2013-03-18 02:30:03.607214429,-119.6628347535777,35.136492593528594,2.78
E0009,2013-03-27 14:48:49.058116233,-119.58208206353268,35.134714684508204,3.79
E0010,2013-04-06 03:07:34.509018036,-119.56958992161594,,3.67
E0011,2013-04-15 15:26:19.959919840,-119.64439526159497,,2.21
E0012,2013-04-25 03:45:05.410821644,-119.86109503121605,,3.23
E0013,2013-05-04 16:03:50.861723448,-119.75491063571867,,3.19
E0014,2013-05-14 04:22:36.312625250,-119.47533820611962,,1.1
E0015,2013-05-23 16:41:21.763527054,-119.80557493758012,,3.0
E0016,2013-06-02 05:00:07.214428858,-119.8572676623188,35.03504161459748,3.95
E0017,2013-06-11 17:18:52.665330662,-119.79040232848344,35.24939621066662,2.57
E0018,2013-06-21 05:37:38.116232466,-119.61449141908031,35.16160583215632,3.62
E0019,2013-06-30 17:56:23.567134268,-119.7779329075919,35.249915498338105,1.29
E0020,2013-07-10 06:15:09.018036072,-119.79907693622313,35.08762679016493,1.78
E0021,2013-07-19 18:33:54.468937876,-119.99890213176063,35.53869328656864,1.1
E0022,2013-07-29 06:52:39.919839680,-119.77637320449709,35.425635916777786,1.16
E0023,2013-08-07 19:11:25.370741484,-119.75421778460868,35.3212238262343,2.96
E0024,2013-08-17 07:30:10.821643288,-119.5138414663393,35.11325785095841,3.73
E0025,2013-08-26 19:48:56.272545092,-119.82396260090957,35.38495659417198,2.93
E0026,2013-09-05 08:07:41.723446896,-119.82767686452985,35.461612327158726,3.13
E0027,2013-09-14 20:26:27.174348696,-119.71423730245877,35.181419049898125,1.76
E0028,2013-09-24 08:45:12.625250500,-119.73767345091066,35.25142641189031,1.55
E0029,2013-10-03 21:03:58.076152304,-119.82204767702164,35.3702466232352,2.86
E0030,2013-10-13 09:22:43.527054108,-119.66176033832978,35.24549145286732,1.52
E0031,2013-10-22 21:41:28.977955912,-119.69001653036766,35.33686684495464,2.93
E0032,2013-11-01 10:00:14.428857716,-119.68371841562818,35.22241376862248,1.55
E0033,2013-11-10 22:18:59.879759520,-119.6837913718845,35.26898431991851,3.28
E0034,2013-11-20 10:37:45.330661324,-119.71616635053505,35.21843560013209,3.17
E0035,2013-11-29 22:56:30.781563128,-119.70435145920771,35.27384680284215,1.41
E0036,2013-12-09 11:15:16.232464932,-119.71453458471241,35.17320624584027,1.39
E0037,2013-12-18 23:34:01.683366736,-119.49179794327173,35.18942279914352,3.32
E0038,2013-12-28 11:52:47.134268536,-119.68970084917599,35.34388427151521,3.43
E0039,2014-01-07 00:11:32.585170340,-119.89044235590232,35.36078981422015,1.38
E0040,2014-01-16 12:30:18.036072144,-119.686464867783,35.16757705747839,1.72
E0041,2014-01-26 00:49:03.486973948,-119.63263005440471,35.19867828636912,1.03
E0042,2014-02-04 13:07:48.937875752,-119.82282861568916,35.38981111292102,2.88
E0043,2014-02-14 01:26:34.388777556,-119.64493528506026,35.291329452035285,1.45
E0044,2014-02-23 13:45:19.839679360,-119.76420110079577,35.21701863239721,1.08
E0045,2014-03-05 02:04:05.290581160,-119.66772315095879,35.40284140055559,3.58
E0046,2014-03-14 14:22:50.741482968,-119.7061555998242,35.19956558346585,2.11
E0047,2014-03-24 02:41:36.192384768,-119.91733138094682,35.26223439206688,3.28
E0048,2014-04-02 15:00:21.643286576,-119.71051353003404,35.23552882283778,2.11
E0049,2014-04-12 03:19:07.094188376,-119.54812770167571,35.53462521781177,2.21
E0050,2014-04-21 15:37:52.545090184,-119.73666029238511,35.180418032979546,2.82
E0051,2014-05-01 03:56:37.995991984,-119.89154763277176,35.27397279756907,3.04
E0052,2014-05-10 16:15:23.446893792,-119.43439982504914,35.182605804851185,1.29
E0053,2014-05-20 04:34:08.897795592,-119.8179080352828,35.44161772131869,2.82
E0054,2014-05-29 16:52:54.348697392,-119.60317739363465,35.461847263734946,3.42
E0055,2014-06-08 05:11:39.799599200,-119.6158283388829,35.35889605310763,1.07
E0056,2014-06-17 17:30:25.250501000,-119.85847790016385,35.53869328656864,1.06
E0057,2014-06-27 05:49:10.701402808,-119.87997339062706,35.22704751639739,3.15
E0058,2014-07-06 18:07:56.152304608,-119.71358307984892,35.24986378800758,2.8
E0059,2014-07-16 06:26:41.603206416,-119.63606251813975,35.3172896531743,3.65
E0060,2014-07-25 18:45:27.054108216,-119.56948115131826,35.39360608522782,1.74
E0061,2014-08-04 07:04:12.505010024,-119.78320943236999,35.11070341139078,3.97
E0062,2014-08-13 19:22:57.955911824,-119.80597540725746,35.31868413675889,3.5
E0063,2014-08-23 07:41:43.406813632,-119.65632143737147,35.244566142000735,2.75
E0064,2014-09-01 20:00:28.857715432,-119.85066174944818,35.40798666273009,2.89
E0065,2014-09-11 08:19:14.308617232,-119.48227520508185,35.40313874740074,1.31
E0066,2014-09-20 20:37:59.759519040,-119.51696350151519,35.30184072009512,2.91
E0067,2014-09-30 08:56:45.210420840,-119.50826973272333,35.072449226002824,3.06
E0068,2014-10-09 21:15:30.661322648,-119.8575863804351,35.23312244243116,3.73
E0069,2014-10-19 09:34:16.112224448,-119.59088974411166,35.203608524399954,1.06
E0070,2014-10-28 21:53:01.563126256,-119.61093956745557,35.11971188022891,1.03
E0071,2014-11-07 10:11:47.014028056,-119.61906170448043,35.00089932101263,3.05
E0072,2014-11-16 22:30:32.464929864,-119.58007061969207,35.357472936525426,2.23
E0073,2014-11-26 10:49:17.915831664,-119.71422410533592,35.135075732396984,2.55
E0074,2014-12-05 23:08:03.366733472,-119.720871245523,35.27858980844475,3.26
E0075,2014-12-15 11:26:48.817635272,-119.80379726955887,35.25527580913998,1.54
E0076,2014-12-24 23:45:34.268537072,-119.64099327524714,35.11260536880727,1.35
E0077,2015-01-03 12:04:19.719438880,-119.7300833321391,35.314590911844924,1.32
E0078,2015-01-13 00:23:05.170340680,-119.63794470897064,35.23577947273253,1.17
E0079,2015-01-22 12:41:50.621242488,-119.76964062609612,35.14467258198259,1.88
E0080,2015-02-01 01:00:36.072144288,-119.91739640423029,35.3239058239008,3.84
E0081,2015-02-10 13:19:21.523046096,-119.68611124924045,35.25546071291148,2.34
E0082,2015-02-20 01:38:06.973947896,-119.66359629215427,35.23093644134766,1.68
E0083,2015-03-01 13:56:52.424849704,-119.76841453351136,35.3023389259205,3.58
E0084,2015-03-11 02:15:37.875751504,-119.75776768215069,35.37020393058031,2.25
E0085,2015-03-20 14:34:23.326653312,-119.63800236341196,35.18354742310311,1.29
E0086,2015-03-30 02:53:08.777555112,-119.7101104034839,35.337434699436365,3.14
E0087,2015-04-08 15:11:54.228456912,-119.6388312767162,35.30547214210222,3.18
E0088,2015-04-18 03:30:39.679358720,-119.35299437830624,35.25047663167628,2.68
E0089,2015-04-27 15:49:25.130260528,-119.98230840566232,35.204408780958246,3.06
E0090,2015-05-07 04:08:10.581162320,-119.68905865683506,35.31008190275039,2.93
E0091,2015-05-16 16:26:56.032064128,-119.7654178412836,35.34808582203421,3.94
E0092,2015-05-26 04:45:41.482965936,-119.67053503087908,35.257960488497915,3.78
E0093,2015-06-04 17:04:26.933867744,-119.87725340202198,35.37768240734339,1.35
E0094,2015-06-14 05:23:12.384769536,-119.54383613311578,35.35646983795865,1.3
E0095,2015-06-23 17:41:57.835671344,-119.64574477527326,35.31419793313432,1.15
E0096,2015-07-03 06:00:43.286573152,-119.92416603910401,35.200165697068066,3.36
E0097,2015-07-12 18:19:28.737474944,-119.70877631323438,35.4697897334676,1.73
E0098,2015-07-22 06:38:14.188376752,-119.79685408039667,35.4327803981059,3.72
E0099,2015-07-31 18:56:59.639278560,-119.70919991763614,35.30593408117659,2.85
E0100,2015-08-10 07:15:45.090180368,-119.65414421854952,35.214159535930094,2.24
E0101,2015-08-19 19:34:30.541082160,-119.49005954730096,35.06407843975035,1.9
E0102,2015-08-29 07:53:15.991983968,-119.79459273441765,35.3533660877532,1.28
E0103,2015-09-07 20:12:01.442885776,-119.6034521997961,35.36825185867556,1.31
E0104,2015-09-17 08:30:46.893787584,-119.84336064071974,35.442843051180475,1.91
E0105,2015-09-26 20:49:32.344689376,-119.7191075173979,35.32698662490617,3.14
E0106,2015-10-06 09:08:17.795591184,-119.7547119428723,35.38189047120291,1.05
E0107,2015-10-15 21:27:03.246492992,-119.76947849012679,35.18627577721746,1.03
E0108,2015-10-25 09:45:48.697394784,-119.70502359732168,35.00089932101263,3.83
E0109,2015-11-03 22:04:34.148296592,-119.58490406314391,35.20513295195552,2.21
E0110,2015-11-13 10:23:19.599198400,-119.51174572419576,35.1767860463813,2.8
E0111,2015-11-22 22:42:05.050100208,-119.76450525591643,35.3352433397518,1.19
E0112,2015-12-02 11:00:50.501002000,-119.79324902148429,35.21096934181108,3.32
E0113,2015-12-11 23:19:35.951903808,-119.77337008423068,35.20676999269835,3.24
E0114,2015-12-21 11:38:21.402805616,-119.77771097910106,35.285174273044994,2.74
E0115,2015-12-30 23:57:06.853707424,-119.53433472080931,35.20881520852629,3.52
E0116,2016-01-09 12:15:52.304609216,-119.73169721745727,35.36653409524576,1.46
E0117,2016-01-19 00:34:37.755511024,-119.80331961006068,35.53869328656864,3.09
E0118,2016-01-28 12:53:23.206412832,-119.85129672424212,35.296250438390906,3.64
E0119,2016-02-07 01:12:08.657314624,-119.75207154325378,35.4105432209566,3.23
E0120,2016-02-16 13:30:54.108216432,-119.91073954051961,35.19083482198605,2.64
E0121,2016-02-26 01:49:39.559118240,-119.68408228435622,35.34581345971252,1.73
E0122,2016-03-06 14:08:25.010020048,-119.99185702405244,35.37286580513564,2.95
E0123,2016-03-16 02:27:10.460921840,-119.64845496218557,35.15498105651571,2.75
E0124,2016-03-25 14:45:55.911823648,-119.9569646827967,35.46758017915503,3.83
E0125,2016-04-04 03:04:41.362725456,-119.89132863339917,35.32342390369289,2.52
E0126,2016-04-13 15:23:26.813627264,-119.72898856061654,35.35982003214239,3.86
E0127,2016-04-23 03:42:12.264529056,-119.62165837042141,35.39524969057201,1.88
E0128,2016-05-02 16:00:57.715430864,-119.67938267573113,35.25291344036254,1.79
E0129,2016-05-12 04:19:43.166332672,-119.79324818597928,35.310442524003754,1.43
E0130,2016-05-21 16:38:28.617234464,-119.76157020997867,35.14799094914653,3.37
E0131,2016-05-31 04:57:14.068136272,-119.83941714213684,35.130720580279586,3.56
E0132,2016-06-09 17:15:59.519038080,-119.95952263647874,35.23416472292595,1.92
E0133,2016-06-19 05:34:44.969939888,-119.62954544994166,35.363471089568584,2.09
E0134,2016-06-28 17:53:30.420841680,-119.78444560673641,35.16698960876123,3.86
E0135,2016-07-08 06:12:15.871743488,-119.99890213176063,35.21863161566044,2.17
E0136,2016-07-17 18:31:01.322645296,-119.7477483723868,35.26107316600902,2.78
E0137,2016-07-27 06:49:46.773547104,-119.72160236040806,35.15365665240967,3.22
E0138,2016-08-05 19:08:32.224448896,-119.64845897850893,35.23972871220652,3.12
E0139,2016-08-15 07:27:17.675350704,-119.81251773659804,35.228631369767136,1.74
E0140,2016-08-24 19:46:03.126252512,-119.82074683710479,35.41867094319952,2.1
E0141,2016-09-03 08:04:48.577154304,-119.74701258865356,35.25938857446088,2.18
E0142,2016-09-12 20:23:34.028056112,-119.93893309237514,35.31199785873267,2.48
E0143,2016-09-22 08:42:19.478957920,-119.78414431180664,35.22529837727699,3.71
E0144,2016-10-01 21:01:04.929859728,-119.6480930256051,35.31350179637303,2.83
E0145,2016-10-11 09:19:50.380761520,-119.42596414630157,35.42964589074701,2.29
E0146,2016-10-20 21:38:35.831663328,-119.79005063729687,35.39521954746036,1.87
E0147,2016-10-30 09:57:21.282565136,-119.43427190998005,35.28479393172739,2.88
E0148,2016-11-08 22:16:06.733466944,-119.71227523687898,35.29038560762322,1.0
E0149,2016-11-18 10:34:52.184368736,-119.7377504580772,35.241425188309684,3.95
E0150,2016-11-27 22:53:37.635270544,-119.36537490403214,35.253079975413165,3.38
E0151,2016-12-07 11:12:23.086172352,-119.74099263652414,35.2583798828832,3.68
E0152,2016-12-16 23:31:08.537074144,-119.71568716206217,35.501256223871984,2.6
E0153,2016-12-26 11:49:53.987975952,-119.95255866893044,35.40890572987088,3.83
E0154,2017-01-05 00:08:39.438877760,-119.64068801882608,35.26847384731128,1.39
E0155,2017-01-14 12:27:24.889779568,-119.825851918393,35.37579247235172,3.64
E0156,2017-01-24 00:46:10.340681360,-119.8128202494373,35.17819995499552,1.43
E0157,2017-02-02 13:04:55.791583168,-119.88027469595998,35.41328928609188,3.36
E0158,2017-02-12 01:23:41.242484976,-119.53621032964115,35.272594137594105,2.51
E0159,2017-02-21 13:42:26.693386784,-119.64598985463078,35.09469808816657,2.74
E0160,2017-03-03 02:01:12.144288576,-119.72952573515381,35.14985642950702,3.28
E0161,2017-03-12 14:19:57.595190384,-119.67420060373546,35.321909702161065,3.7
E0162,2017-03-22 02:38:43.046092192,-119.69131301189404,35.22206255784343,3.26
E0163,2017-03-31 14:57:28.496993984,-119.57537127697329,35.276204816588624,2.94
E0164,2017-04-10 03:16:13.947895792,-119.66690807342006,35.431753889820776,2.61
E0165,2017-04-19 15:34:59.398797600,-119.9148094713763,35.41601249401121,3.45
E0166,2017-04-29 03:53:44.849699408,-119.67522482314754,35.26093605923104,1.18
E0167,2017-05-08 16:12:30.300601200,-119.9068337164336,35.195356112441424,1.9
E0168,2017-05-18 04:31:15.751503008,-119.7363492967465,35.44673193353271,3.41
E0169,2017-05-27 16:50:01.202404816,-119.8325859234583,35.27715591215012,3.25
E0170,2017-06-06 05:08:46.653306624,-119.76908239931798,35.20187648202179,1.04
E0171,2017-06-15 17:27:32.104208416,-119.71595259563803,35.30262893248645,2.4
E0172,2017-06-25 05:46:17.555110224,-119.7232256399567,35.20084522935176,1.13
E0173,2017-07-04 18:05:03.006012032,-119.74862548966975,35.14016619776392,1.72
E0174,2017-07-14 06:23:48.456913824,-119.794813514561,35.3021293913175,1.8
E0175,2017-07-23 18:42:33.907815632,-119.64898580749588,35.19500134409826,2.91
E0176,2017-08-02 07:01:19.358717440,-119.62573516929758,35.392870377357596,1.28
E0177,2017-08-11 19:20:04.809619232,-119.79063612304532,35.30136657913102,2.44
E0178,2017-08-21 07:38:50.260521056,-119.67090112195001,35.29013319193269,3.87
E0179,2017-08-30 19:57:35.711422848,-119.7492123647449,35.41752032641388,3.43
E0180,2017-09-09 08:16:21.162324640,-119.75477528540945,35.287091246657745,3.42
E0181,2017-09-18 20:35:06.613226464,-119.75262001870276,35.376002145444026,1.08
E0182,2017-09-28 08:53:52.064128256,-119.68454911544738,35.44789842440897,2.19
E0183,2017-10-07 21:12:37.515030048,-119.65714464799679,35.12935907174118,3.32
E0184,2017-10-17 09:31:22.965931872,-119.84430353088176,35.07667679450976,3.15
E0185,2017-10-26 21:50:08.416833664,-119.68450202295654,35.24138229195935,3.85
E0186,2017-11-05 10:08:53.867735488,-119.74042461196139,35.211220343391325,1.08
E0187,2017-11-14 22:27:39.318637280,-119.82368442517395,35.16241182947507,3.59
E0188,2017-11-24 10:46:24.769539072,-119.8665172922744,35.20355600438333,3.37
E0189,2017-12-03 23:05:10.220440896,-119.45831014458003,35.53869328656864,3.91
E0190,2017-12-13 11:23:55.671342688,-119.57322294004165,35.27930945436878,2.52
E0191,2017-12-22 23:42:41.122244480,-119.86087240956567,35.041224891544466,2.22
E0192,2018-01-01 12:01:26.573146304,-119.87218960255929,35.25301585570173,3.29
E0193,2018-01-11 00:20:12.024048096,-119.52899987561389,35.110613466979004,3.31
E0194,2018-01-20 12:38:57.474949888,-119.66047394819283,35.11941084350768,1.01
E0195,2018-01-30 00:57:42.925851712,-119.62649339004363,35.25699695655763,2.66
E0196,2018-02-08 13:16:28.376753504,-119.77818666545781,35.48174888456364,3.58
E0197,2018-02-18 01:35:13.827655328,-119.63957968586416,35.07066107407969,3.13
E0198,2018-02-27 13:53:59.278557120,-119.87776323566214,35.0988614995113,3.33
E0199,2018-03-09 02:12:44.729458912,-119.77478565788506,35.088778227682795,3.66
E0200,2018-03-18 14:31:30.180360736,-119.69395570435705,35.041927875471536,1.8
E0201,2018-03-28 02:50:15.631262528,-119.46417945154205,35.21904374004352,2.62
E0202,2018-04-06 15:09:01.082164320,-119.86365511881641,35.363544317520166,2.72
E0203,2018-04-16 03:27:46.533066144,-119.7586056691433,35.29434798159435,1.54
E0204,2018-04-25 15:46:31.983967936,-119.541848656188,35.23703861228416,1.3
E0205,2018-05-05 04:05:17.434869728,-119.62713355481482,35.15790058933711,1.11
E0206,2018-05-14 16:24:02.885771552,-119.56055791210304,35.01756593858702,2.93
E0207,2018-05-24 04:42:48.336673344,-119.86390393972052,35.37043574487868,3.04
E0208,2018-06-02 17:01:33.787575168,-119.8721783967037,35.13352351600094,2.57
E0209,2018-06-12 05:20:19.238476960,-119.76301900191645,35.27061838705134,2.58
E0210,2018-06-21 17:39:04.689378752,-119.71179299160436,35.1741200591829,3.5
E0211,2018-07-01 05:57:50.140280576,-119.74176587326595,35.229897253118736,2.64
E0212,2018-07-10 18:16:35.591182368,-119.69939298766654,35.20941792953733,2.13
E0213,2018-07-20 06:35:21.042084160,-119.84448835368276,35.26131008632476,1.14
E0214,2018-07-29 18:54:06.492985984,-119.7951568425505,35.00089932101263,1.02
E0215,2018-08-08 07:12:51.943887776,-119.9413961815788,35.29563543612262,3.61
E0216,2018-08-17 19:31:37.394789568,-119.63307269346352,35.20844920026462,2.04
E0217,2018-08-27 07:50:22.845691392,-119.85641148131207,35.4065047733344,1.29
E0218,2018-09-05 20:09:08.296593184,-119.95831271570759,35.39424734083781,1.17
E0219,2018-09-15 08:27:53.747495008,-119.80289963262764,35.18904719971065,1.73
E0220,2018-09-24 20:46:39.198396800,-119.66073788170866,35.29294436916927,2.88
E0221,2018-10-04 09:05:24.649298592,-119.7160974999228,35.22509737278539,3.97
E0222,2018-10-13 21:24:10.100200416,-119.50173898168937,35.13015429166477,3.99
E0223,2018-10-23 09:42:55.551102208,-119.70586253467108,35.12920703594532,3.13
E0224,2018-11-01 22:01:41.002004000,-119.59552923299495,35.186861561986056,1.81
E0225,2018-11-11 10:20:26.452905824,-119.63673087141214,35.226371423998785,2.97
E0226,2018-11-20 22:39:11.903807616,-119.72277115393248,35.338161875350266,3.18
E0227,2018-11-30 10:57:57.354709408,-119.82541766935597,35.155051481128105,1.03
E0228,2018-12-09 23:16:42.805611232,-119.89271652432537,35.10188736986437,1.47
E0229,2018-12-19 11:35:28.256513024,-119.63469954460949,35.271785713774776,1.94
E0230,2018-12-28 23:54:13.707414848,-119.63999557859671,35.186307664073325,1.99
E0231,2019-01-07 12:12:59.158316640,-119.67672355924235,35.28530951403677,3.22
E0232,2019-01-17 00:31:44.609218432,-119.64729088056787,35.22237870104406,2.27
E0233,2019-01-26 12:50:30.060120256,-119.85523780995659,35.300090015907905,3.48
E0234,2019-02-05 01:09:15.511022048,-119.56538177348875,35.27889432060706,3.28
E0235,2019-02-14 13:28:00.961923840,-119.80677624646121,35.288730151445755,1.44
E0236,2019-02-24 01:46:46.412825664,-119.72863446765933,35.130711473129296,1.92
E0237,2019-03-05 14:05:31.863727456,-119.99890213176063,35.342604440435814,2.17
E0238,2019-03-15 02:24:17.314629248,-119.6544958132498,35.16902357504131,3.72
E0239,2019-03-24 14:43:02.765531072,-119.66246686987827,35.1229388125223,2.19
E0240,2019-04-03 03:01:48.216432864,-119.6088211841683,35.47824818727538,3.05
E0241,2019-04-12 15:20:33.667334688,-119.75691269236935,35.22042110156393,2.26
E0242,2019-04-22 03:39:19.118236480,-119.84566880101514,35.28787721464717,1.8
E0243,2019-05-01 15:58:04.569138272,-119.87990747564216,35.15728883859937,3.33
E0244,2019-05-11 04:16:50.020040096,-119.75583390864416,35.34775474263093,1.96
E0245,2019-05-20 16:35:35.470941888,-119.7971781101336,35.41239739538877,3.51
E0246,2019-05-30 04:54:20.921843680,-119.7792704293999,35.2727470298179,1.5
E0247,2019-06-08 17:13:06.372745504,-119.55096672438194,35.26296816715764,1.23
E0248,2019-06-18 05:31:51.823647296,-119.83461437241559,35.078810327803595,3.1
E0249,2019-06-27 17:50:37.274549088,-119.58543453015253,35.20436537129853,3.5
E0250,2019-07-07 06:09:22.725450912,-119.76720092525058,35.30276405915644,2.76
E0251,2019-07-16 18:28:08.176352704,-119.46909290487504,35.079720255197415,2.97
E0252,2019-07-26 06:46:53.627254528,-119.71090627174068,35.246393307146384,1.3
E0253,2019-08-04 19:05:39.078156320,-119.56888683280224,35.13692390298053,3.52
E0254,2019-08-14 07:24:24.529058112,-119.74577502287703,35.234374359761226,1.49
E0255,2019-08-23 19:43:09.979959936,-119.64102685930209,35.129060832793115,3.99
E0256,2019-09-02 08:01:55.430861728,-119.8146447046604,35.53869328656864,2.96
E0257,2019-09-11 20:20:40.881763520,-119.7416524214113,35.102767999843884,3.9
E0258,2019-09-21 08:39:26.332665344,-119.77624221662053,35.12688181183154,2.66
E0259,2019-09-30 20:58:11.783567136,-119.77428639758172,35.00089932101263,3.76
E0260,2019-10-10 09:16:57.234468928,-119.68007624916271,35.288445152660444,2.62
E0261,2019-10-19 21:35:42.685370752,-119.720561554481,35.44926148165086,2.16
E0262,2019-10-29 09:54:28.136272544,-119.61614474163937,35.32903009226239,3.33
E0263,2019-11-07 22:13:13.587174368,-119.64205515268779,35.31223930335666,3.53
E0264,2019-11-17 10:31:59.038076160,-119.77459467553487,35.17497733979908,3.63
E0265,2019-11-26 22:50:44.488977952,-119.66853507170903,35.15094303526414,2.44
E0266,2019-12-06 11:09:29.939879776,-119.81775968902971,35.41542299423015,3.21
E0267,2019-12-15 23:28:15.390781568,-119.6557399134769,35.284027628091664,1.49
E0268,2019-12-25 11:47:00.841683360,-119.71961223928601,35.41585264717606,1.07
E0269,2020-01-04 00:05:46.292585184,-119.97790189363278,35.39769430149208,3.44
E0270,2020-01-13 12:24:31.743486976,-119.63114795317567,35.30217818710681,1.9
E0271,2020-01-23 00:43:17.194388768,-119.70605621522718,35.25693243720577,1.46
E0272,2020-02-01 13:02:02.645290592,-119.59884995239845,35.40439702503998,3.5
E0273,2020-02-11 01:20:48.096192384,-119.68391903873031,35.33508788520031,1.66
E0274,2020-02-20 13:39:33.547094208,-119.8371573487554,35.266017213815296,2.32
E0275,2020-03-01 01:58:18.997996000,-119.57105445356632,35.177839390593554,3.86
E0276,2020-03-10 14:17:04.448897792,-119.71909411905034,35.04552544227097,2.08
E0277,2020-03-20 02:35:49.899799616,-119.68653917115405,35.287722978294816,1.49
E0278,2020-03-29 14:54:35.350701408,-119.82665395290533,35.36780297570265,3.18
E0279,2020-04-08 03:13:20.801603200,-119.81979969611224,35.13938341638414,3.84
E0280,2020-04-17 15:32:06.252505024,-119.78741061315519,35.177957371911276,3.18
E0281,2020-04-27 03:50:51.703406816,-119.86462210703888,35.33297261885592,1.91
E0282,2020-05-06 16:09:37.154308608,-119.55822792872922,35.221012193828635,3.12
E0283,2020-05-16 04:28:22.605210432,-119.66673184426519,35.2883024221817,1.66
E0284,2020-05-25 16:47:08.056112224,-119.73503478634294,35.13319450807193,3.12
E0285,2020-06-04 05:05:53.507014048,-119.8594484794393,35.222249324683716,1.3
E0286,2020-06-13 17:24:38.957915840,-119.74729576218762,35.34228800061343,2.81
E0287,2020-06-23 05:43:24.408817632,-119.54107983831675,35.41534582870576,3.83
E0288,2020-07-02 18:02:09.859719456,-119.68845626015171,35.260364233962584,1.27
E0289,2020-07-12 06:20:55.310621248,-119.63145405032027,35.27968029372221,2.6
E0290,2020-07-21 18:39:40.761523040,-119.81712533885994,35.24495401847282,2.49
E0291,2020-07-31 06:58:26.212424864,-119.78860924958374,35.19621454751895,2.89
E0292,2020-08-09 19:17:11.663326656,-119.76189705100029,35.28505396106362,1.79
E0293,2020-08-19 07:35:57.114228448,-119.58519626472265,35.179818351921924,2.06
E0294,2020-08-28 19:54:42.565130272,-119.56784915138185,35.198138057210045,1.23
E0295,2020-09-07 08:13:28.016032064,-119.73612558514041,35.33326448795193,2.27
E0296,2020-09-16 20:32:13.466933888,-119.8190776083141,35.39696542026652,3.32
E0297,2020-09-26 08:50:58.917835680,-119.72074513661016,35.287411576703846,2.09
E0298,2020-10-05 21:09:44.368737472,-119.67626195639035,35.4315503063101,2.67
E0299,2020-10-15 09:28:29.819639296,-119.49485090667979,35.296499394710516,2.25
E0300,2020-10-24 21:47:15.270541088,-119.62096196567714,35.315783752163256,1.74
E0301,2020-11-03 10:06:00.721442880,-119.47112066701517,35.53869328656864,3.05
E0302,2020-11-12 22:24:46.172344704,-119.60608209868022,35.11973384497694,1.68
E0303,2020-11-22 10:43:31.623246496,-119.47591985959309,35.074008877143804,3.4
E0304,2020-12-01 23:02:17.074148288,-119.50615119890276,35.33102952119935,3.89
E0305,2020-12-11 11:21:02.525050112,-119.99890213176063,35.21532212332764,1.77
E0306,2020-12-20 23:39:47.975951904,-119.5165447400496,35.435568524440924,3.74
E0307,2020-12-30 11:58:33.426853728,-119.68185900056329,35.284615710256915,1.94
E0308,2021-01-09 00:17:18.877755520,-119.76764395526428,35.32773233633363,2.86
E0309,2021-01-18 12:36:04.328657312,-119.65283608931554,35.37342438512146,3.7
E0310,2021-01-28 00:54:49.779559136,-119.5019121585761,35.31660793462607,1.23
E0311,2021-02-06 13:13:35.230460928,-119.73089389456777,35.178097811337054,1.38
E0312,2021-02-16 01:32:20.681362720,-119.54107931074324,35.195405515404474,3.34
E0313,2021-02-25 13:51:06.132264544,-119.65058942004632,35.43057008511731,1.94
E0314,2021-03-07 02:09:51.583166336,-119.70661158950612,35.35121628230692,2.98
E0315,2021-03-16 14:28:37.034068128,-119.8766000392028,35.45015671022592,1.92
E0316,2021-03-26 02:47:22.484969952,-119.51895344770357,35.24352337808201,2.22
E0317,2021-04-04 15:06:07.935871744,-119.93241473560113,35.33768266280435,1.36
E0318,2021-04-14 03:24:53.386773568,-119.5225678296872,35.129887048171376,2.84
E0319,2021-04-23 15:43:38.837675360,-119.99890213176063,35.35473096240125,2.53
E0320,2021-05-03 04:02:24.288577152,-119.49711538184043,35.15674609935448,3.58
E0321,2021-05-12 16:21:09.739478976,-119.69839143505597,35.210934204571956,2.93
E0322,2021-05-22 04:39:55.190380768,-119.66886767134653,35.3848129976942,1.52
E0323,2021-05-31 16:58:40.641282560,-119.69685362976881,35.18819458928719,2.64
E0324,2021-06-10 05:17:26.092184384,-119.89590982753626,35.20441033392563,1.0
E0325,2021-06-19 17:36:11.543086176,-119.65181458838549,35.0990718675771,3.96
E0326,2021-06-29 05:54:56.993987968,-119.89149899160154,35.39468297005743,1.71
E0327,2021-07-08 18:13:42.444889792,-119.90211076040795,35.2753745095479,2.16
E0328,2021-07-18 06:32:27.895791584,-119.91156042541056,35.34535335484976,2.56
E0329,2021-07-27 18:51:13.346693408,-119.6411304971885,35.36955454883655,2.8
E0330,2021-08-06 07:09:58.797595200,-119.68295202011424,35.50048762796953,3.37
E0331,2021-08-15 19:28:44.248496992,-119.48875958277269,35.20408163797193,3.54
E0332,2021-08-25 07:47:29.699398816,-119.81680879454153,35.46034010775227,2.2
E0333,2021-09-03 20:06:15.150300608,-119.56322011163431,35.19178033931571,1.64
E0334,2021-09-13 08:25:00.601202400,-119.69220820387457,35.43096205624491,3.92
E0335,2021-09-22 20:43:46.052104224,-119.7266462131173,35.17379338256897,3.02
E0336,2021-10-02 09:02:31.503006016,-119.83687975641324,35.336267733532196,1.45
E0337,2021-10-11 21:21:16.953907808,-119.63817627320675,35.31789748748449,1.97
E0338,2021-10-21 09:40:02.404809632,-119.64698011002474,35.410398866200715,2.88
E0339,2021-10-30 21:58:47.855711424,-119.51641161265803,35.4107248897599,1.36
E0340,2021-11-09 10:17:33.306613248,-119.61355833449001,35.00089932101263,3.95
E0341,2021-11-18 22:36:18.757515040,-119.65378549982691,35.269064555225356,1.75
E0342,2021-11-28 10:55:04.208416832,-119.74543894060444,35.24787738542822,2.98
E0343,2021-12-07 23:13:49.659318656,-119.79127828497143,35.36379198767824,1.58
E0344,2021-12-17 11:32:35.110220448,-119.80860740526906,35.288685912485526,1.68
E0345,2021-12-26 23:51:20.561122240,-119.81914031762729,35.294139320322905,3.83
E0346,2022-01-05 12:10:06.012024064,-119.79898799768384,35.19599499720315,2.67
E0347,2022-01-15 00:28:51.462925856,-119.77345096273301,35.35378298788711,1.64
E0348,2022-01-24 12:47:36.913827648,-119.52764257104448,35.1376082052307,1.57
E0349,2022-02-03 01:06:22.364729472,-119.78989547506879,35.33814739916987,2.8
E0350,2022-02-12 13:25:07.815631264,-119.72825139012542,35.245953843354535,2.98
E0351,2022-02-22 01:43:53.266533056,-119.70181849045473,35.40245396157425,3.22
E0352,2022-03-03 14:02:38.717434880,-119.87655911931733,35.16030754879998,1.62
E0353,2022-03-13 02:21:24.168336704,-119.76208504667206,35.19144322839296,2.4
E0354,2022-03-22 14:40:09.619238464,-119.5594825472346,35.20676819010114,1.34
E0355,2022-04-01 02:58:55.070140288,-119.79327902150042,35.24370765320067,3.85
E0356,2022-04-10 15:17:40.521042112,-119.72675823608124,35.29704333162962,2.05
E0357,2022-04-20 03:36:25.971943872,-119.76356264469402,35.26633317502382,3.94
E0358,2022-04-29 15:55:11.422845696,-119.38201501760929,35.52103832315286,2.51
E0359,2022-05-09 04:13:56.873747520,-119.70346706993837,35.15359210352932,3.22
E0360,2022-05-18 16:32:42.324649280,-119.51592117712737,35.31588331729933,3.49
E0361,2022-05-28 04:51:27.775551104,-119.6491353689993,35.37936321231354,1.51
E0362,2022-06-06 17:10:13.226452928,-119.93765550417409,35.2675420597166,2.41
E0363,2022-06-16 05:28:58.677354688,-119.47161861930057,35.00089932101263,1.44
E0364,2022-06-25 17:47:44.128256512,-119.51753329071491,35.28016790449448,2.62
E0365,2022-07-05 06:06:29.579158336,-119.91299540162508,35.21638083182802,1.81
E0366,2022-07-14 18:25:15.030060096,-119.9303036540372,35.20317192921423,2.46
E0367,2022-07-24 06:44:00.480961920,-119.9704209073823,35.26519873951476,1.65
E0368,2022-08-02 19:02:45.931863744,-119.85349657122099,35.24304473699968,1.59
E0369,2022-08-12 07:21:31.382765568,-119.71426917594206,35.41906587285094,3.14
E0370,2022-08-21 19:40:16.833667328,-119.87347207455024,35.17347274753736,3.39
E0371,2022-08-31 07:59:02.284569152,-119.67135731010256,35.133914141539265,3.88
E0372,2022-09-09 20:17:47.735470976,-119.54033192163399,35.38525953380552,2.91
E0373,2022-09-19 08:36:33.186372736,-119.65461597732741,35.40786337382882,3.61
E0374,2022-09-28 20:55:18.637274560,-119.83193948398814,35.394149375128144,3.95
E0375,2022-10-08 09:14:04.088176384,-119.60631055905026,35.3250711843369,1.16
E0376,2022-10-17 21:32:49.539078144,-119.75276047637973,35.37635663066117,1.73
E0377,2022-10-27 09:51:34.989979968,-119.94213185328637,35.24718995199005,2.87
E0378,2022-11-05 22:10:20.440881792,-119.7508267030234,35.25767242024389,1.46
E0379,2022-11-15 10:29:05.891783552,-119.68034946008493,35.1966766064316,3.27
E0380,2022-11-24 22:47:51.342685376,-119.81453720992552,35.13670904743437,3.14
E0381,2022-12-04 11:06:36.793587200,-119.59823510810564,35.30261524186066,3.49
E0382,2022-12-13 23:25:22.244488960,-119.97427682683804,35.32329054707656,1.75
E0383,2022-12-23 11:44:07.695390784,-119.70295844457762,35.24726938734273,1.06
E0384,2023-01-02 00:02:53.146292608,-119.75248393810892,35.05804164644417,2.16
E0385,2023-01-11 12:21:38.597194368,-119.69915376869758,35.20849639202779,1.15
E0386,2023-01-21 00:40:24.048096192,-119.74035246116918,35.45718182606189,2.85
E0387,2023-01-30 12:59:09.498998016,-119.81714918143116,35.45179829444302,3.19
E0388,2023-02-09 01:17:54.949899776,-119.65654540399353,35.30818209019228,2.51
E0389,2023-02-18 13:36:40.400801600,-119.59878110999644,35.00089932101263,3.85
E0390,2023-02-28 01:55:25.851703424,-119.88362645990874,35.424246639711875,3.94
E0391,2023-03-09 14:14:11.302605248,-119.99890213176063,35.383208015012485,2.23
E0392,2023-03-19 02:32:56.753507008,-119.99890213176063,35.21420711772424,1.96
E0393,2023-03-28 14:51:42.204408832,-119.73322383278341,35.3186974924017,2.08
E0394,2023-04-07 03:10:27.655310656,-119.72926746928296,35.30432352502573,1.87
E0395,2023-04-16 15:29:13.106212416,-119.86620190950963,35.27169251537058,3.87
E0396,2023-04-26 03:47:58.557114240,-119.72182022249835,35.260990719814636,1.66
E0397,2023-05-05 16:06:44.008016064,-119.72925370366931,35.36701247604181,2.06
E0398,2023-05-15 04:25:29.458917824,-119.673740202835,35.362039388234344,3.42
E0399,2023-05-24 16:44:14.909819648,-119.69104646557594,35.32247252622955,2.75
E0400,2023-06-03 05:03:00.360721472,-119.91473392226305,35.48744118206104,1.6
E0401,2023-06-12 17:21:45.811623232,-119.62630251481689,35.25492955517476,3.22
E0402,2023-06-22 05:40:31.262525056,-119.81268508196078,35.2120779684456,3.81
E0403,2023-07-01 17:59:16.713426880,-119.75586618196799,35.2835073186335,2.59
E0404,2023-07-11 06:18:02.164328640,-119.55454329724851,35.297210693793566,1.63
E0405,2023-07-20 18:36:47.615230464,-119.8883186048012,35.2176081439603,2.77
E0406,2023-07-30 06:55:33.066132288,-119.92049423604244,35.48972618138288,2.13
E0407,2023-08-08 19:14:18.517034048,-119.90300448113622,35.23884289468397,2.86
E0408,2023-08-18 07:33:03.967935872,-119.87089054536416,35.20098221901721,1.17
E0409,2023-08-27 19:51:49.418837696,-119.83848659428605,35.311662305821336,3.93
E0410,2023-09-06 08:10:34.869739456,-119.87533993235111,35.398570626322574,1.05
E0411,2023-09-15 20:29:20.320641280,-119.62093981086963,35.2837037187587,2.97
E0412,2023-09-25 08:48:05.771543104,-119.83497115676457,35.17974913793616,3.63
E0413,2023-10-04 21:06:51.222444928,-119.64319413319558,35.045307982508575,2.64
E0414,2023-10-14 09:25:36.673346688,-119.87975046998316,35.30088280656865,3.58
E0415,2023-10-23 21:44:22.124248512,-119.54622558923222,35.126818505686295,3.04
E0416,2023-11-02 10:03:07.575150336,-119.58954536639537,35.25208620456311,3.08
E0417,2023-11-11 22:21:53.026052096,-119.75772054495297,35.19540981704229,1.09
E0418,2023-11-21 10:40:38.476953920,-119.74824486456417,35.311622251259365,3.96
E0419,2023-11-30 22:59:23.927855744,-119.79168405874256,35.177942262517504,1.4
E0420,2023-12-10 11:18:09.378757504,-119.94959421441922,35.27195048371647,3.4
E0421,2023-12-19 23:36:54.829659328,-119.81661865312391,35.290967030964715,1.79
E0422,2023-12-29 11:55:40.280561152,-119.7661947173272,35.19305514303296,1.32
E0423,2024-01-08 00:14:25.731462912,-119.59527193036405,35.47727094412721,2.44
E0424,2024-01-17 12:33:11.182364736,-119.57967723799479,35.127061867728585,2.64
E0425,2024-01-27 00:51:56.633266560,-119.69065199709613,35.45844449722453,2.77
E0426,2024-02-05 13:10:42.084168320,-119.60502912192615,35.086986621976926,1.45
E0427,2024-02-15 01:29:27.535070144,-119.93027383990825,35.375293801917636,3.02
E0428,2024-02-24 13:48:12.985971968,-119.7197575835558,35.22707908550137,1.23
E0429,2024-03-05 02:06:58.436873728,-119.7932657500476,35.282180262454865,3.9
E0430,2024-03-14 14:25:43.887775552,-119.59413044960611,35.20588404356375,2.13
E0431,2024-03-24 02:44:29.338677376,-119.79422236955175,35.47124208143126,2.64
E0432,2024-04-02 15:03:14.789579136,-119.42835282905527,35.072086437359545,2.96
E0433,2024-04-12 03:22:00.240480960,-119.86315237771937,35.34304973160609,1.33
E0434,2024-04-21 15:40:45.691382784,-119.60368033684028,35.311653572364506,2.12
E0435,2024-05-01 03:59:31.142284608,-119.89182309281318,35.189581697480946,1.71
E0436,2024-05-10 16:18:16.593186368,-119.67776968825055,35.25279281614684,2.9
E0437,2024-05-20 04:37:02.044088192,-119.84203232880309,35.26009693777588,2.35
E0438,2024-05-29 16:55:47.494990016,-119.71301776985305,35.35698455337592,3.23
E0439,2024-06-08 05:14:32.945891776,-119.65907307278954,35.017518784768335,2.94
E0440,2024-06-17 17:33:18.396793600,-119.99890213176063,35.35121936163066,1.17
E0441,2024-06-27 05:52:03.847695424,-119.63853798549272,35.0599760074534,1.89
E0442,2024-07-06 18:10:49.298597184,-119.7553040805343,35.34157008364573,2.88
E0443,2024-07-16 06:29:34.749499008,-119.65380256006624,35.2643231736651,1.08
E0444,2024-07-25 18:48:20.200400832,-119.71567356482589,35.43790211786998,1.14
E0445,2024-08-04 07:07:05.651302592,-119.54871946010789,35.23010264421665,3.66
E0446,2024-08-13 19:25:51.102204416,-119.76786977486985,35.2475776907887,3.23
E0447,2024-08-23 07:44:36.553106240,-119.74151647857855,35.18627516307001,1.62
E0448,2024-09-01 20:03:22.004008000,-119.99890213176063,35.109244396216,1.61
E0449,2024-09-11 08:22:07.454909824,-119.81440306964359,35.08737054751224,2.74
E0450,2024-09-20 20:40:52.905811648,-119.77061287376645,35.301487158941455,2.77
E0451,2024-09-30 08:59:38.356713408,-119.73489068158123,35.015657446221255,2.94
E0452,2024-10-09 21:18:23.807615232,-119.87196977503241,35.43137722689725,1.64
E0453,2024-10-19 09:37:09.258517056,-119.68904881704172,35.333998008701,1.71
E0454,2024-10-28 21:55:54.709418816,-119.62488148752871,35.387255603691976,2.6
E0455,2024-11-07 10:14:40.160320640,-119.83138383855645,35.175413431433235,1.87
E0456,2024-11-16 22:33:25.611222464,-119.74352533722647,35.16062611569568,2.08
E0457,2024-11-26 10:52:11.062124288,-119.79022735926553,35.31819320786775,3.72
E0458,2024-12-05 23:10:56.513026048,-119.76039035429814,35.34724177617916,2.51
E0459,2024-12-15 11:29:41.963927872,-119.6777300020687,35.3857012381731,1.32
E0460,2024-12-24 23:48:27.414829696,-119.82067399063241,35.300798730044846,1.51
E0461,2025-01-03 12:07:12.865731456,-119.66945313989764,35.29708868176196,3.65
E0462,2025-01-13 00:25:58.316633280,-119.8056923637997,35.09595868649408,2.57
E0463,2025-01-22 12:44:43.767535104,-119.71964631673494,35.247103320219544,3.12
E0464,2025-02-01 01:03:29.218436864,-119.43247642561008,35.22769146327002,2.85
E0465,2025-02-10 13:22:14.669338688,-119.91443544332036,35.30542399404486,2.71
E0466,2025-02-20 01:41:00.120240512,-119.68562340348133,35.14681416359012,3.8
E0467,2025-03-01 13:59:45.571142272,-119.69785767817164,35.229685404068746,3.34
E0468,2025-03-11 02:18:31.022044096,-119.87662784196581,35.02857036420374,1.71
E0469,2025-03-20 14:37:16.472945920,-119.76378239512363,35.36426814171867,2.98
E0470,2025-03-30 02:56:01.923847680,-119.68338216015546,35.27259843251687,3.43
E0471,2025-04-08 15:14:47.374749504,-119.53257650527338,35.416332399614795,1.47
E0472,2025-04-18 03:33:32.825651328,-119.85519786869543,35.21881165358977,1.66
E0473,2025-04-27 15:52:18.276553088,-119.71258360038372,35.250248208140945,3.87
E0474,2025-05-07 04:11:03.727454912,-119.7625423668729,35.131315141682734,3.07
E0475,2025-05-16 16:29:49.178356736,-119.65327232007658,35.07823015399782,1.54
E0476,2025-05-26 04:48:34.629258496,-119.88958485282805,35.53869328656864,2.09
E0477,2025-06-04 17:07:20.080160320,-119.65130958778765,35.427758870862874,1.61
E0478,2025-06-14 05:26:05.531062144,-119.4895680738373,35.37691939771911,1.55
E0479,2025-06-23 17:44:50.981963968,-119.55058892092248,35.36670798386784,2.83
E0480,2025-07-03 06:03:36.432865728,-119.86127815458823,35.22044936581531,2.04
E0481,2025-07-12 18:22:21.883767552,-119.65950085946488,35.14039982818799,1.93
E0482,2025-07-22 06:41:07.334669376,-119.67381099653677,35.32364350749278,3.93
E0483,2025-07-31 18:59:52.785571136,-119.90247832475895,35.36439101321377,1.18
E0484,2025-08-10 07:18:38.236472960,-119.74220059257144,35.26404786215808,2.76
E0485,2025-08-19 19:37:23.687374784,-119.78563150413534,35.28666885975025,2.3
E0486,2025-08-29 07:56:09.138276544,-119.61659395604202,35.10133298130421,3.77
E0487,2025-09-07 20:14:54.589178368,-119.72926534155928,35.48152411376019,1.44
E0488,2025-09-17 08:33:40.040080192,-119.67472941343344,35.253375918850026,1.96
E0489,2025-09-26 20:52:25.490981952,-119.43582111855542,35.268065560075826,3.56
E0490,2025-10-06 09:11:10.941883776,-119.6338350160841,35.20649028028718,1.86
E0491,2025-10-15 21:29:56.392785600,-119.99498313404277,35.411539353639476,1.46
E0492,2025-10-25 09:48:41.843687360,-119.83486760870353,35.095424529656114,1.33
E0493,2025-11-03 22:07:27.294589184,-119.84847572974802,35.346353984201045,3.15
E0494,2025-11-13 10:26:12.745491008,-119.72092637730334,35.294772270084025,3.64
E0495,2025-11-22 22:44:58.196392768,-119.81331324634591,35.494598067223656,1.81
E0496,2025-12-02 11:03:43.647294592,-119.61248287455427,35.294230901487225,3.95
E0497,2025-12-11 23:22:29.098196416,-119.55735174538403,35.266419939605576,3.01
E0498,2025-12-21 11:41:14.549098176,-119.84556342036294,35.326025677568225,1.9
E0499,2025-12-31 00:00:00.000000000,-119.701847385133,35.43885717596054,1.79
E0030,2013-10-13 09:22:43.527054108,-119.66176033832978,35.24549145286732,1.52
E0031,2013-10-22 21:41:28.977955912,-119.69001653036766,35.33686684495464,2.93
E0032,2013-11-01 10:00:14.428857716,-119.68371841562818,35.22241376862248,1.55
E0033,2013-11-10 22:18:59.879759520,-119.6837913718845,35.26898431991851,3.28
E0034,2013-11-20 10:37:45.330661324,-119.71616635053505,35.21843560013209,3.17
E0035,2013-11-29 22:56:30.781563128,-119.70435145920771,35.27384680284215,1.41
E0036,2013-12-09 11:15:16.232464932,-119.71453458471241,35.17320624584027,1.39
E0037,2013-12-18 23:34:01.683366736,-119.49179794327173,35.18942279914352,3.32
E0038,2013-12-28 11:52:47.134268536,-119.68970084917599,35.34388427151521,3.43
E0039,2014-01-07 00:11:32.585170340,-119.89044235590232,35.36078981422015,1.38
E0040,2014-01-16 12:30:18.036072144,-119.686464867783,35.16757705747839,1.72
E0041,2014-01-26 00:49:03.486973948,-119.63263005440471,35.19867828636912,1.03
E0042,2014-02-04 13:07:48.937875752,-119.82282861568916,35.38981111292102,2.88
E0043,2014-02-14 01:26:34.388777556,-119.64493528506026,35.291329452035285,1.45
E0044,2014-02-23 13:45:19.839679360,-119.76420110079577,35.21701863239721,1.08
